bhk_count,area_sqft,log_area,floor_number,total_floors,floor_ratio,is_ground_floor,is_top_floor,furnishing_encoded,transaction_encoded,is_owner_listing,price_inr,log_price,price_per_sqft,price_cr,price_to_locality_median_ratio,locality_mean_price_sqft,locality_median_price_sqft,locality_listing_count,locality_price_rank,dist_nearest_metro_km,dist_nearest_hospital_km,dist_nearest_school_km,dist_nearest_mall_km,dist_nearest_it_hub_km,dist_nearest_airport_km,metro_count_2km,hospital_count_3km,school_count_2km,metro_accessibility_score,livability_index,score_healthcare,score_education,score_metro,score_commercial,score_employment,builder_reputation_score,builder_listing_count,builder_avg_price_sqft,builder_price_premium_pct,infrastructure_impact_score,impact_metro_extension,impact_highway,impact_it_sez,impact_urban_development,city,locality,property_type_clean,builder_tier,livability_band,appreciation_potential_band,area_bin,type_apartment,type_builder_floor,type_penthouse,type_studio,type_villa
2,1121.0,7.022868086082641,3.0,15.0,0.2,0,0,0,0,0,10204956.0,16.138384042604834,9103.44,1.02,1.017,8876.151428571427,8954.53,35,0.08,5.491,1.986,0.895,4.49,2.122,16.417,0,3,2,6.42,35.9,51.58,63.92,6.42,22.39,49.3,73.52,47,10937.253284940389,28.25,38.13,80.27,8.24,29.19,5.45,Gurgaon,Ardee City,builder_floor,Tier 2,Moderate,High,Standard,0,1,0,0,0
3,1564.0,7.355641102974253,1.0,10.0,0.1,0,0,0,0,0,14262554.0,16.4731480592978,9119.28,1.426,1.108,8250.613823529411,8231.880000000001,34,0.04,3.168,7.658,4.866,5.845,5.707,8.681,0,0,0,20.51,13.49,7.79,8.78,20.51,14.25,14.92,71.75,42,10981.949143260465,38.74,13.77,11.22,31.79,13.72,0.26,Gurgaon,Palam Vihar,builder_floor,Tier 2,Poor,Medium,Large,0,1,0,0,0
3,1519.0,7.326465613840322,7.0,12.0,0.5833333333333334,0,0,0,0,0,13395909.0,16.4104599198006,8818.9,1.34,0.865,10054.119189189189,10191.19,37,0.28,6.461,2.659,0.314,4.513,1.112,17.427,0,2,2,3.95,38.82,41.21,85.48,3.95,22.21,69.03,71.86,31,10995.311570656313,13.28,27.57,31.98,38.19,33.23,2.16,Gurgaon,Nirvana Country,builder_floor,Tier 1,Moderate,Medium,Large,0,1,0,0,0
2,1018.0,6.926577033222725,10.0,14.0,0.7142857142857143,0,0,2,0,0,11750448.0,16.279401925487175,11542.68,1.175,0.962,11870.16054054054,12002.05,37,0.4,4.292,4.231,2.015,5.745,6.58,11.712,0,0,0,11.69,20.24,24.41,36.51,11.69,14.73,11.15,61.25,42,10981.949143260465,7.97,48.17,74.8,21.43,70.0,1.02,Gurgaon,Sector 15,apartment,Tier 2,Poor,Medium,Standard,1,0,0,0,0
3,1557.0,7.351158226430694,,,,0,1,0,1,0,16891208.0,16.642303807836853,10848.56,1.689,0.905,12158.14806451613,11985.0,31,0.48,5.905,2.006,0.225,4.301,1.56,16.926,0,2,2,5.22,41.77,51.24,89.36,5.22,23.84,59.45,54.25,42,10981.949143260465,-6.54,23.57,49.44,6.71,12.46,9.06,Gurgaon,Sector 48,apartment,Tier 2,Moderate,Low,Large,1,0,0,0,0
4,2271.0,7.7284157798410416,1.0,10.0,0.1,0,0,2,0,0,25065572.0,17.037005829085622,11037.24,2.507,0.92,11870.16054054054,12002.05,37,0.4,4.292,4.231,2.015,5.745,6.58,11.712,0,0,0,11.69,20.24,24.41,36.51,11.69,14.73,11.15,62.92,55,10810.06286830001,6.28,37.29,25.63,62.74,22.13,51.2,Gurgaon,Sector 15,apartment,Tier 2,Poor,Medium,XLarge,1,0,0,0,0
3,1751.0,7.468513271496337,,,,0,1,1,1,0,15391955.0,16.54935552828668,8790.38,1.539,0.982,8876.151428571427,8954.53,35,0.08,5.491,1.986,0.895,4.49,2.122,16.417,0,3,2,6.42,35.9,51.58,63.92,6.42,22.39,49.3,73.42,55,10810.06286830001,26.76,13.83,35.6,1.85,2.43,1.98,Gurgaon,Ardee City,studio,Tier 2,Moderate,Medium,Large,0,0,0,1,0
1,593.0,6.386879319362645,2.0,8.0,0.25,0,0,1,0,0,13472551.0,16.416164914271583,22719.31,1.347,1.072,21315.337419354837,21194.36,31,0.88,3.813,1.388,1.408,0.348,5.601,14.303,0,3,3,14.86,45.0,62.97,49.46,14.86,89.06,15.46,47.25,42,10981.949143260465,-39.38,28.63,41.14,20.91,40.02,0.2,Gurgaon,Golf Course Road,apartment,Tier 2,Good,Low,Compact,1,0,0,0,0
3,1704.0,7.4413203897176174,,,,0,1,1,0,0,22835100.0,16.94380938383404,13400.88,2.284,1.126,11889.318,11904.240000000002,30,0.44,4.863,0.098,1.334,1.098,6.317,14.811,0,1,2,8.79,48.72,96.79,51.32,8.79,69.34,12.18,55.29,43,11223.359681792177,-2.89,39.73,74.8,9.59,46.13,0.5,Gurgaon,Sector 56,apartment,Tier 2,Good,Medium,Large,1,0,0,0,0
2,995.0,6.903747257584598,2.0,8.0,0.25,0,0,1,1,0,10281693.0,16.14587549314755,10333.36,1.028,1.094,9571.702413793104,9447.31,29,0.2,8.624,5.21,5.597,1.317,5.919,17.737,0,0,0,1.34,17.08,17.61,6.09,1.34,64.46,13.9,73.52,47,10937.253284940389,50.5,54.09,74.8,51.23,70.0,0.8,Gurgaon,New Gurgaon Sector 82,apartment,Tier 2,Poor,High,Standard,1,0,0,0,0
2,1106.0,7.009408932708637,2.0,8.0,0.25,0,0,0,1,0,25871043.0,17.068634870318967,23391.54,2.587,1.104,21315.337419354837,21194.36,31,0.88,3.813,1.388,1.408,0.348,5.601,14.303,0,3,3,14.86,45.0,62.97,49.46,14.86,89.06,15.46,53.17,35,11530.874778105072,-36.35,21.91,42.26,13.68,6.7,13.56,Gurgaon,Golf Course Road,builder_floor,Tier 1,Good,Low,Standard,0,1,0,0,0
5,2578.0,7.8551570058813445,2.0,8.0,0.25,0,0,2,0,0,25503458.0,17.05432460877788,9892.73,2.55,0.995,9934.9616,9941.35,25,0.24,7.849,3.528,1.632,4.865,0.387,18.86,0,0,2,1.98,28.9,30.85,44.23,1.98,19.75,87.91,77.67,35,11530.874778105072,24.11,8.6,5.96,23.01,7.42,0.28,Gurgaon,Sohna Road,builder_floor,Tier 1,Moderate,Medium,Luxury,0,1,0,0,0
2,976.0,6.884486652042782,2.0,8.0,0.25,0,0,0,0,0,10079396.0,16.126003898177263,10327.25,1.008,1.039,9934.9616,9941.35,25,0.24,7.849,3.528,1.632,4.865,0.387,18.86,0,0,2,1.98,28.9,30.85,44.23,1.98,19.75,87.91,71.86,31,10995.311570656313,18.34,26.87,44.85,11.79,35.12,0.15,Gurgaon,Sohna Road,apartment,Tier 1,Moderate,Medium,Standard,1,0,0,0,0
3,1728.0,7.455298485683291,2.0,8.0,0.25,0,0,1,1,0,16949520.0,16.645750072805683,9808.75,1.695,0.817,11870.16054054054,12002.05,37,0.4,4.292,4.231,2.015,5.745,6.58,11.712,0,0,0,11.69,20.24,24.41,36.51,11.69,14.73,11.15,63.75,40,11155.323746176988,9.68,23.76,60.8,1.85,6.3,2.67,Gurgaon,Sector 15,apartment,Tier 2,Poor,Medium,Large,1,0,0,0,0
3,1367.0,7.221105098182496,1.0,10.0,0.1,0,0,2,0,0,14020239.0,16.456012486501024,10256.21,1.402,0.929,11140.001764705883,11038.335,34,0.36,0.678,4.481,5.684,0.139,0.0,6.231,2,0,0,71.24,52.47,22.45,5.83,71.24,95.49,100.0,66.74,47,12174.359670335367,14.7,29.55,16.47,39.11,21.09,53.45,Gurgaon,Udyog Vihar,villa,Tier 2,Good,Medium,Large,0,0,0,0,1
3,1756.0,7.471363088187097,2.0,8.0,0.25,0,0,2,0,0,18005409.0,16.706182770719355,10253.65,1.801,0.988,10604.037027027027,10376.18,37,0.32,4.226,0.736,1.015,0.627,6.105,14.375,0,2,2,12.09,48.7,78.24,60.2,12.09,81.13,13.07,68.89,41,10665.515724471146,7.93,28.84,14.98,36.08,21.73,54.75,Gurgaon,Sector 57,apartment,Tier 1,Good,Medium,Large,1,0,0,0,0
3,1558.0,7.351799869057777,1.0,10.0,0.1,0,0,0,0,0,17271287.0,16.664555969639206,11085.55,1.727,1.004,11140.001764705883,11038.335,34,0.36,0.678,4.481,5.684,0.139,0.0,6.231,2,0,0,71.24,52.47,22.45,5.83,71.24,95.49,100.0,66.61,31,10995.311570656313,3.59,58.0,90.0,14.41,64.6,37.36,Gurgaon,Udyog Vihar,apartment,Tier 1,Good,High,Large,1,0,0,0,0
1,546.0,6.304448802421981,2.0,8.0,0.25,0,0,0,0,0,3931200.0,15.184455280749052,7200.0,0.393,0.875,8250.613823529411,8231.880000000001,34,0.04,3.168,7.658,4.866,5.845,5.707,8.681,0,0,0,20.51,13.49,7.79,8.78,20.51,14.25,14.92,71.75,42,10981.949143260465,38.74,42.72,74.8,15.21,52.8,1.51,Gurgaon,Palam Vihar,builder_floor,Tier 2,Poor,High,Compact,0,1,0,0,0
2,1098.0,7.002155954403621,,,,0,1,0,0,0,8497642.0,15.955299271210077,7739.2,0.85,0.864,8876.151428571427,8954.53,35,0.08,5.491,1.986,0.895,4.49,2.122,16.417,0,3,2,6.42,35.9,51.58,63.92,6.42,22.39,49.3,73.42,55,10810.06286830001,26.76,16.3,32.72,3.85,15.69,0.79,Gurgaon,Ardee City,villa,Tier 2,Moderate,Medium,Standard,0,0,0,0,1
3,1753.0,7.469654172932128,7.0,12.0,0.5833333333333334,0,0,0,0,1,22870550.0,16.945360614682244,13046.52,2.287,0.947,13880.907631578948,13783.235,38,0.64,0.322,1.961,3.188,0.509,1.861,8.715,5,1,0,85.12,60.64,52.02,20.32,85.12,84.38,53.78,40.15,46,11646.705001117241,-10.43,43.79,47.56,21.21,50.63,51.2,Gurgaon,MG Road,apartment,Individual,Excellent,Medium,Large,1,0,0,0,0
1,546.0,6.304448802421981,2.0,8.0,0.25,0,0,2,0,0,11425700.0,16.251375762014273,20926.19,1.143,1.189,17880.592666666667,17599.635000000002,30,0.68,0.011,3.814,5.019,0.659,0.0,6.889,4,0,0,99.45,60.51,28.05,8.13,99.45,80.27,100.0,48.29,43,11223.359681792177,-29.85,52.89,73.82,62.24,56.43,2.47,Gurgaon,Cyber City,villa,Tier 2,Excellent,Medium,Compact,0,0,0,0,1
2,1084.0,6.98933526597456,3.0,15.0,0.2,0,0,1,0,0,11436872.0,16.252353079954638,10550.62,1.144,0.956,11140.001764705883,11038.335,34,0.36,0.678,4.481,5.684,0.139,0.0,6.231,2,0,0,71.24,52.47,22.45,5.83,71.24,95.49,100.0,61.74,37,10965.891705343245,3.32,41.83,48.0,41.22,26.18,51.2,Gurgaon,Udyog Vihar,villa,Tier 2,Good,Medium,Standard,0,0,0,0,1
1,460.0,6.133398042996649,2.0,8.0,0.25,0,0,0,1,0,4182154.0,15.246336982778603,9091.64,0.418,1.011,9056.841555555555,8990.96,45,0.16,1.99,1.674,2.225,4.041,5.75,12.744,1,2,0,36.97,37.34,57.23,32.88,36.97,26.0,14.71,73.42,55,10810.06286830001,26.24,23.49,60.8,1.88,6.34,1.23,Gurgaon,South City,apartment,Tier 2,Moderate,Medium,Micro,1,0,0,0,0
1,528.0,6.270988431858299,2.0,8.0,0.25,0,0,1,0,0,8532702.0,15.959416633669703,16160.42,0.853,0.918,17880.592666666667,17599.635000000002,30,0.68,0.011,3.814,5.019,0.659,0.0,6.889,4,0,0,99.45,60.51,28.05,8.13,99.45,80.27,100.0,53.17,35,11530.874778105072,-27.93,26.06,59.78,5.02,14.66,2.35,Gurgaon,Cyber City,studio,Tier 1,Excellent,Low,Compact,0,0,0,1,0
2,945.0,6.852242569051878,,,,0,1,1,1,0,8656200.0,15.973786385161919,9160.0,0.866,1.023,8876.151428571427,8954.53,35,0.08,5.491,1.986,0.895,4.49,2.122,16.417,0,3,2,6.42,35.9,51.58,63.92,6.42,22.39,49.3,71.99,47,12174.359670335367,42.76,29.07,55.8,9.0,29.57,1.76,Gurgaon,Ardee City,villa,Tier 2,Moderate,Medium,Standard,0,0,0,0,1
2,1121.0,7.022868086082641,10.0,14.0,0.7142857142857143,0,0,1,1,0,18712091.0,16.744680450423726,16692.32,1.871,0.948,17880.592666666667,17599.635000000002,30,0.68,0.011,3.814,5.019,0.659,0.0,6.889,4,0,0,99.45,60.51,28.05,8.13,99.45,80.27,100.0,49.02,47,10937.253284940389,-31.64,30.59,24.52,80.0,23.22,1.03,Gurgaon,Cyber City,villa,Tier 2,Excellent,Low,Standard,0,0,0,0,1
3,1580.0,7.365812837209472,5.0,20.0,0.25,0,0,1,1,0,14214201.0,16.469752093256755,8996.33,1.421,0.952,9571.702413793104,9447.31,29,0.2,8.624,5.21,5.597,1.317,5.919,17.737,0,0,0,1.34,17.08,17.61,6.09,1.34,64.46,13.9,73.42,55,10810.06286830001,48.75,50.37,73.43,24.98,40.84,47.33,Gurgaon,New Gurgaon Sector 82,builder_floor,Tier 2,Poor,High,Large,0,1,0,0,0
3,1656.0,7.4127640174265625,,,,0,1,1,1,0,19341335.0,16.77775507352851,11679.55,1.934,0.981,11889.318,11904.240000000002,30,0.44,4.863,0.098,1.334,1.098,6.317,14.811,0,1,2,8.79,48.72,96.79,51.32,8.79,69.34,12.18,55.29,43,11223.359681792177,-2.89,53.01,90.0,14.45,64.6,12.37,Gurgaon,Sector 56,apartment,Tier 2,Good,Medium,Large,1,0,0,0,0
4,1825.0,7.509883061154913,3.0,15.0,0.2,0,0,2,0,0,15159308.0,16.534125290698675,8306.47,1.516,0.879,9571.702413793104,9447.31,29,0.2,8.624,5.21,5.597,1.317,5.919,17.737,0,0,0,1.34,17.08,17.61,6.09,1.34,64.46,13.9,73.52,47,10937.253284940389,50.5,19.39,23.84,5.83,33.53,7.48,Gurgaon,New Gurgaon Sector 82,apartment,Tier 2,Poor,Medium,XLarge,1,0,0,0,0
2,925.0,6.8308742346461795,5.0,20.0,0.25,0,0,1,1,0,13888598.0,16.44657877371103,15014.7,1.389,0.853,17880.592666666667,17599.635000000002,30,0.68,0.011,3.814,5.019,0.659,0.0,6.889,4,0,0,99.45,60.51,28.05,8.13,99.45,80.27,100.0,54.89,41,10665.515724471146,-33.34,13.95,34.83,2.54,2.87,2.67,Gurgaon,Cyber City,apartment,Tier 1,Excellent,Low,Standard,1,0,0,0,0
2,1115.0,7.017506142941256,0.0,,,1,0,1,0,0,21758489.0,16.895514538202757,19514.34,2.176,0.921,21315.337419354837,21194.36,31,0.88,3.813,1.388,1.408,0.348,5.601,14.303,0,3,3,14.86,45.0,62.97,49.46,14.86,89.06,15.46,47.25,42,10981.949143260465,-39.38,48.34,74.8,22.33,70.0,0.98,Gurgaon,Golf Course Road,apartment,Tier 2,Good,Low,Standard,1,0,0,0,0
2,922.0,6.827629234502852,0.0,,,1,0,1,0,1,7657984.0,15.851259321698834,8305.84,0.766,0.835,9934.9616,9941.35,25,0.24,7.849,3.528,1.632,4.865,0.387,18.86,0,0,2,1.98,28.9,30.85,44.23,1.98,19.75,87.91,64.65,46,11646.705001117241,25.35,18.07,48.73,0.88,2.46,1.12,Gurgaon,Sohna Road,apartment,Individual,Moderate,Medium,Standard,1,0,0,0,0
3,1382.0,7.232010331664759,10.0,14.0,0.7142857142857143,0,0,2,0,0,21595201.0,16.88798167204374,15626.05,2.16,0.888,17880.592666666667,17599.635000000002,30,0.68,0.011,3.814,5.019,0.659,0.0,6.889,4,0,0,99.45,60.51,28.05,8.13,99.45,80.27,100.0,53.17,35,11530.874778105072,-27.93,10.8,28.48,1.05,1.6,1.13,Gurgaon,Cyber City,penthouse,Tier 1,Excellent,Low,Large,0,0,1,0,0
3,1355.0,7.212294468500341,3.0,15.0,0.2,0,0,0,1,0,12801105.0,16.365042053288786,9447.31,1.28,1.0,9571.702413793104,9447.31,29,0.2,8.624,5.21,5.597,1.317,5.919,17.737,0,0,0,1.34,17.08,17.61,6.09,1.34,64.46,13.9,77.67,35,11530.874778105072,58.67,14.5,12.25,32.18,14.9,0.25,Gurgaon,New Gurgaon Sector 82,villa,Tier 1,Poor,Medium,Large,0,0,0,0,1
1,593.0,6.386879319362645,,,,0,1,2,0,0,6341999.0,15.66270457640145,10694.77,0.634,1.049,10054.119189189189,10191.19,37,0.28,6.461,2.659,0.314,4.513,1.112,17.427,0,2,2,3.95,38.82,41.21,85.48,3.95,22.21,69.03,71.99,47,12174.359670335367,25.43,14.46,18.21,16.41,19.14,0.12,Gurgaon,Nirvana Country,builder_floor,Tier 2,Moderate,Medium,Compact,0,1,0,0,0
4,2243.0,7.716015266642587,1.0,10.0,0.1,0,0,1,0,0,20277617.0,16.825028224852044,9040.4,2.028,1.01,8876.151428571427,8954.53,35,0.08,5.491,1.986,0.895,4.49,2.122,16.417,0,3,2,6.42,35.9,51.58,63.92,6.42,22.39,49.3,79.74,36,11000.572715809956,28.99,29.61,50.96,11.45,37.81,0.17,Gurgaon,Ardee City,penthouse,Tier 1,Moderate,Medium,XLarge,0,0,1,0,0
1,503.0,6.222576268071369,3.0,15.0,0.2,0,0,0,0,0,10904401.0,16.204677027177535,21678.73,1.09,1.023,21315.337419354837,21194.36,31,0.88,3.813,1.388,1.408,0.348,5.601,14.303,0,3,3,14.86,45.0,62.97,49.46,14.86,89.06,15.46,49.75,40,11155.323746176988,-38.42,24.81,60.8,3.22,9.44,2.62,Gurgaon,Golf Course Road,villa,Tier 2,Good,Low,Compact,0,0,0,0,1
3,1483.0,7.302496423727326,7.0,12.0,0.5833333333333334,0,0,1,0,0,13779992.0,16.438728242998096,9291.97,1.378,0.984,9571.702413793104,9447.31,29,0.2,8.624,5.21,5.597,1.317,5.919,17.737,0,0,0,1.34,17.08,17.61,6.09,1.34,64.46,13.9,79.39,41,10665.515724471146,46.76,37.86,26.46,70.0,17.42,51.2,Gurgaon,New Gurgaon Sector 82,apartment,Tier 1,Poor,Medium,Large,1,0,0,0,0
3,1507.0,7.318539548567902,5.0,20.0,0.25,0,0,2,0,0,19359600.0,16.778698978442236,12846.45,1.936,1.164,11140.001764705883,11038.335,34,0.36,0.678,4.481,5.684,0.139,0.0,6.231,2,0,0,71.24,52.47,22.45,5.83,71.24,95.49,100.0,67.17,35,11530.874778105072,8.64,46.79,55.2,80.0,44.07,2.27,Gurgaon,Udyog Vihar,apartment,Tier 1,Good,Medium,Large,1,0,0,0,0
4,2265.0,7.725771441587952,5.0,20.0,0.25,0,0,0,0,0,27414541.0,17.126584124020997,12103.55,2.741,1.01,12158.14806451613,11985.0,31,0.48,5.905,2.006,0.225,4.301,1.56,16.926,0,2,2,5.22,41.77,51.24,89.36,5.22,23.84,59.45,56.75,40,11155.323746176988,-5.06,41.39,53.64,6.38,64.6,25.96,Gurgaon,Sector 48,apartment,Tier 2,Moderate,Medium,XLarge,1,0,0,0,0
3,1648.0,7.407924322559599,2.0,8.0,0.25,0,0,1,1,0,16262744.0,16.60438740553354,9868.17,1.626,0.822,11870.16054054054,12002.05,37,0.4,4.292,4.231,2.015,5.745,6.58,11.712,0,0,0,11.69,20.24,24.41,36.51,11.69,14.73,11.15,72.42,35,11530.874778105072,13.37,18.2,48.54,1.29,2.62,1.51,Gurgaon,Sector 15,builder_floor,Tier 1,Poor,Low,Large,0,1,0,0,0
4,1911.0,7.555905093611346,0.0,,,1,0,0,0,0,21390607.0,16.87846245840256,11193.41,2.139,1.079,10604.037027027027,10376.18,37,0.32,4.226,0.736,1.015,0.627,6.105,14.375,0,2,2,12.09,48.7,78.24,60.2,12.09,81.13,13.07,68.27,47,10937.253284940389,10.68,51.49,90.0,24.77,56.22,4.9,Gurgaon,Sector 57,apartment,Tier 2,Good,High,XLarge,1,0,0,0,0
2,952.0,6.859614903654202,10.0,14.0,0.7142857142857143,0,0,0,1,0,11675899.0,16.27303736069605,12264.6,1.168,0.89,13880.907631578948,13783.235,38,0.64,0.322,1.961,3.188,0.509,1.861,8.715,5,1,0,85.12,60.64,52.02,20.32,85.12,84.38,53.78,47.25,42,10981.949143260465,-15.54,38.01,19.4,70.0,23.28,57.0,Gurgaon,MG Road,builder_floor,Tier 2,Excellent,Medium,Standard,0,1,0,0,0
4,1859.0,7.528331766707247,5.0,20.0,0.25,0,0,1,0,0,17596792.0,16.683227170667415,9465.73,1.76,1.002,9571.702413793104,9447.31,29,0.2,8.624,5.21,5.597,1.317,5.919,17.737,0,0,0,1.34,17.08,17.61,6.09,1.34,64.46,13.9,74.25,40,11155.323746176988,53.5,22.15,23.71,34.56,27.55,0.24,Gurgaon,New Gurgaon Sector 82,apartment,Tier 2,Poor,Medium,XLarge,1,0,0,0,0
1,549.0,6.309918278226516,3.0,15.0,0.2,0,0,1,1,0,5035796.0,15.432082164985937,9172.67,0.504,1.02,9056.841555555555,8990.96,45,0.16,1.99,1.674,2.225,4.041,5.75,12.744,1,2,0,36.97,37.34,57.23,32.88,36.97,26.0,14.71,72.79,43,11223.359681792177,31.07,38.83,78.21,6.63,30.34,12.73,Gurgaon,South City,builder_floor,Tier 2,Moderate,High,Compact,0,1,0,0,0
4,2259.0,7.723120092266331,5.0,20.0,0.25,0,0,2,1,0,27414456.0,17.12658102347185,12135.66,2.741,1.17,10604.037027027027,10376.18,37,0.32,4.226,0.736,1.015,0.627,6.105,14.375,0,2,2,12.09,48.7,78.24,60.2,12.09,81.13,13.07,74.49,36,11000.572715809956,11.32,45.65,60.09,46.19,58.84,3.36,Gurgaon,Sector 57,villa,Tier 1,Good,Medium,XLarge,0,0,0,0,1
3,1469.0,7.293017679772782,10.0,14.0,0.7142857142857143,0,0,2,0,0,12938100.0,16.375687004726085,8807.42,1.294,0.984,8876.151428571427,8954.53,35,0.08,5.491,1.986,0.895,4.49,2.122,16.417,0,3,2,6.42,35.9,51.58,63.92,6.42,22.39,49.3,71.75,42,10981.949143260465,28.77,39.64,40.82,17.38,46.54,51.2,Gurgaon,Ardee City,builder_floor,Tier 2,Moderate,High,Large,0,1,0,0,0
4,1813.0,7.503289630675082,10.0,14.0,0.7142857142857143,0,0,1,0,0,18769808.0,16.7477601794214,10352.9,1.877,1.016,10054.119189189189,10191.19,37,0.28,6.461,2.659,0.314,4.513,1.112,17.427,0,2,2,3.95,38.82,41.21,85.48,3.95,22.21,69.03,67.54,43,11223.359681792177,15.63,46.61,82.97,25.83,47.12,3.13,Gurgaon,Nirvana Country,studio,Tier 2,Moderate,High,XLarge,0,0,0,1,0
3,1387.0,7.23561914106675,10.0,14.0,0.7142857142857143,0,0,1,1,1,29646751.0,17.204863098989016,21374.73,2.965,1.222,17908.36074074074,17494.05,27,0.72,3.391,2.113,0.784,2.225,6.009,12.699,0,2,2,18.35,39.87,49.45,67.55,18.35,47.63,13.49,40.15,46,11646.705001117241,-30.1,56.45,90.0,39.01,64.6,5.0,Gurgaon,DLF Phase 5,villa,Individual,Moderate,Medium,Large,0,0,0,0,1
3,1786.0,7.488293515159428,3.0,15.0,0.2,0,0,1,0,0,15598710.0,16.562698776492876,8733.88,1.56,0.924,9571.702413793104,9447.31,29,0.2,8.624,5.21,5.597,1.317,5.919,17.737,0,0,0,1.34,17.08,17.61,6.09,1.34,64.46,13.9,79.39,41,10665.515724471146,46.76,25.36,60.8,3.59,9.42,5.05,Gurgaon,New Gurgaon Sector 82,penthouse,Tier 1,Poor,Medium,Large,0,0,1,0,0
3,1483.0,7.302496423727326,1.0,10.0,0.1,0,0,2,0,0,17173748.0,16.658892496763485,11580.41,1.717,0.966,12158.14806451613,11985.0,31,0.48,5.905,2.006,0.225,4.301,1.56,16.926,0,2,2,5.22,41.77,51.24,89.36,5.22,23.84,59.45,61.89,41,10665.515724471146,-9.23,11.6,9.33,27.2,11.41,0.23,Gurgaon,Sector 48,studio,Tier 1,Moderate,Low,Large,0,0,0,1,0
3,1696.0,7.436617265234227,2.0,8.0,0.25,0,0,2,1,0,17598001.0,16.68329587401228,10376.18,1.76,1.0,10604.037027027027,10376.18,37,0.32,4.226,0.736,1.015,0.627,6.105,14.375,0,2,2,12.09,48.7,78.24,60.2,12.09,81.13,13.07,66.99,37,10965.891705343245,10.97,48.14,74.8,22.01,70.0,0.31,Gurgaon,Sector 57,villa,Tier 2,Good,High,Large,0,0,0,0,1
1,544.0,6.300785794663244,0.0,,,1,0,1,0,0,7474060.0,15.826948916825154,13739.08,0.747,0.997,13880.907631578948,13783.235,38,0.64,0.322,1.961,3.188,0.509,1.861,8.715,5,1,0,85.12,60.64,52.02,20.32,85.12,84.38,53.78,47.74,37,10965.891705343245,-15.67,15.41,12.84,34.73,15.68,0.27,Gurgaon,MG Road,builder_floor,Tier 2,Excellent,Low,Compact,0,1,0,0,0
1,507.0,6.230481447578482,5.0,20.0,0.25,0,0,2,1,0,8873697.0,15.998602065645688,17502.36,0.887,0.994,17880.592666666667,17599.635000000002,30,0.68,0.011,3.814,5.019,0.659,0.0,6.889,4,0,0,99.45,60.51,28.05,8.13,99.45,80.27,100.0,49.75,40,11155.323746176988,-30.28,21.57,17.65,49.41,21.74,0.36,Gurgaon,Cyber City,apartment,Tier 2,Excellent,Low,Compact,1,0,0,0,0
2,962.0,6.870053411798126,3.0,15.0,0.2,0,0,0,0,0,10948599.0,16.20872206083562,11381.08,1.095,1.205,9571.702413793104,9447.31,29,0.2,8.624,5.21,5.597,1.317,5.919,17.737,0,0,0,1.34,17.08,17.61,6.09,1.34,64.46,13.9,73.52,47,10937.253284940389,50.5,46.45,74.8,14.81,68.64,0.75,Gurgaon,New Gurgaon Sector 82,apartment,Tier 2,Poor,High,Standard,1,0,0,0,0
2,936.0,6.842683282238422,,,,0,1,2,0,0,11669898.0,16.272523263864645,12467.84,1.167,1.047,11889.318,11904.240000000002,30,0.44,4.863,0.098,1.334,1.098,6.317,14.811,0,1,2,8.79,48.72,96.79,51.32,8.79,69.34,12.18,61.89,41,10665.515724471146,-7.72,11.37,8.15,30.95,8.96,0.42,Gurgaon,Sector 56,builder_floor,Tier 1,Good,Low,Standard,0,1,0,0,0
4,2169.0,7.682482446534506,0.0,,,1,0,1,1,0,21783310.0,16.896654638210503,10043.02,2.178,0.985,10054.119189189189,10191.19,37,0.28,6.461,2.659,0.314,4.513,1.112,17.427,0,2,2,3.95,38.82,41.21,85.48,3.95,22.21,69.03,71.99,47,12174.359670335367,25.43,37.96,14.97,70.0,29.28,57.0,Gurgaon,Nirvana Country,apartment,Tier 2,Moderate,Medium,XLarge,1,0,0,0,0
2,1132.0,7.0326242610280065,1.0,10.0,0.1,0,0,0,0,0,9342894.0,16.05012661231846,8253.44,0.934,0.922,8876.151428571427,8954.53,35,0.08,5.491,1.986,0.895,4.49,2.122,16.417,0,3,2,6.42,35.9,51.58,63.92,6.42,22.39,49.3,74.25,40,11155.323746176988,30.81,27.47,16.05,33.51,19.65,51.2,Gurgaon,Ardee City,apartment,Tier 2,Moderate,Medium,Standard,1,0,0,0,0
5,2733.0,7.913521017283895,3.0,15.0,0.2,0,0,2,1,0,34873736.0,17.367244553721385,12760.24,3.487,1.063,11870.16054054054,12002.05,37,0.4,4.292,4.231,2.015,5.745,6.58,11.712,0,0,0,11.69,20.24,24.41,36.51,11.69,14.73,11.15,61.74,37,10965.891705343245,7.81,14.49,31.9,5.25,4.7,5.51,Gurgaon,Sector 15,studio,Tier 2,Poor,Low,Luxury,0,0,0,1,0
2,1059.0,6.966024187106113,7.0,12.0,0.5833333333333334,0,0,1,0,1,15352016.0,16.546757358878615,14496.71,1.535,1.21,12158.14806451613,11985.0,31,0.48,5.905,2.006,0.225,4.301,1.56,16.926,0,2,2,5.22,41.77,51.24,89.36,5.22,23.84,59.45,47.15,46,11646.705001117241,-0.88,45.04,90.0,6.4,40.78,10.35,Gurgaon,Sector 48,penthouse,Individual,Moderate,Medium,Standard,0,0,1,0,0
2,913.0,6.81783057145415,7.0,12.0,0.5833333333333334,0,0,2,0,0,8636158.0,15.971468365956653,9459.1,0.864,1.149,8250.613823529411,8231.880000000001,34,0.04,3.168,7.658,4.866,5.845,5.707,8.681,0,0,0,20.51,13.49,7.79,8.78,20.51,14.25,14.92,77.67,35,11530.874778105072,45.68,37.65,78.95,9.04,28.84,4.98,Gurgaon,Palam Vihar,villa,Tier 1,Poor,High,Standard,0,0,0,0,1
3,1786.0,7.488293515159428,2.0,8.0,0.25,0,0,1,0,0,12637039.0,16.35214266291157,7075.61,1.264,0.86,8250.613823529411,8231.880000000001,34,0.04,3.168,7.658,4.866,5.845,5.707,8.681,0,0,0,20.51,13.49,7.79,8.78,20.51,14.25,14.92,72.79,43,11223.359681792177,41.79,51.45,61.82,25.06,58.26,51.2,Gurgaon,Palam Vihar,apartment,Tier 2,Poor,High,Large,1,0,0,0,0
3,1709.0,7.444248649496705,2.0,8.0,0.25,0,0,1,1,0,16366358.0,16.61073844444833,9576.57,1.637,1.065,9056.841555555555,8990.96,45,0.16,1.99,1.674,2.225,4.041,5.75,12.744,1,2,0,36.97,37.34,57.23,32.88,36.97,26.0,14.71,73.52,47,10937.253284940389,27.73,8.58,9.52,10.93,11.34,1.16,Gurgaon,South City,apartment,Tier 2,Moderate,Medium,Large,1,0,0,0,0
3,1482.0,7.301822342137932,1.0,10.0,0.1,0,0,1,1,0,13502991.0,16.418421774424406,9111.33,1.35,0.878,10604.037027027027,10376.18,37,0.32,4.226,0.736,1.015,0.627,6.105,14.375,0,2,2,12.09,48.7,78.24,60.2,12.09,81.13,13.07,62.92,55,10810.06286830001,9.39,26.93,23.94,10.18,30.38,44.61,Gurgaon,Sector 57,apartment,Tier 2,Good,Medium,Large,1,0,0,0,0
3,1791.0,7.491087593534876,1.0,10.0,0.1,0,0,1,1,0,20610130.0,16.84129326046441,11507.61,2.061,0.96,12158.14806451613,11985.0,31,0.48,5.905,2.006,0.225,4.301,1.56,16.926,0,2,2,5.22,41.77,51.24,89.36,5.22,23.84,59.45,56.75,40,11155.323746176988,-5.06,60.95,90.0,18.38,64.6,48.12,Gurgaon,Sector 48,apartment,Tier 2,Moderate,High,Large,1,0,0,0,0
3,1621.0,7.3914152346753585,2.0,8.0,0.25,0,0,0,1,1,29726190.0,17.20753903338151,18338.18,2.973,0.865,21315.337419354837,21194.36,31,0.88,3.813,1.388,1.408,0.348,5.601,14.303,0,3,3,14.86,45.0,62.97,49.46,14.86,89.06,15.46,40.15,46,11646.705001117241,-35.71,53.47,90.0,36.76,55.31,3.94,Gurgaon,Golf Course Road,apartment,Individual,Good,Medium,Large,1,0,0,0,0
2,1075.0,6.98100574072173,5.0,20.0,0.25,0,0,2,0,0,15717682.0,16.57029687862197,14621.1,1.572,1.061,13880.907631578948,13783.235,38,0.64,0.322,1.961,3.188,0.509,1.861,8.715,5,1,0,85.12,60.64,52.02,20.32,85.12,84.38,53.78,48.29,43,11223.359681792177,-13.69,41.35,48.0,38.67,26.29,51.2,Gurgaon,MG Road,apartment,Tier 2,Excellent,Medium,Standard,1,0,0,0,0
5,2811.0,7.941651252930556,5.0,20.0,0.25,0,0,2,0,0,34358066.0,17.35234736711668,12222.72,3.436,1.018,11870.16054054054,12002.05,37,0.4,4.292,4.231,2.015,5.745,6.58,11.712,0,0,0,11.69,20.24,24.41,36.51,11.69,14.73,11.15,68.89,41,10665.515724471146,4.86,27.14,21.45,74.49,18.17,0.98,Gurgaon,Sector 15,penthouse,Tier 1,Poor,Medium,Luxury,0,0,1,0,0
5,2859.0,7.958576903813898,3.0,15.0,0.2,0,0,0,0,0,44784291.0,17.61736798857264,15664.32,4.478,0.89,17880.592666666667,17599.635000000002,30,0.68,0.011,3.814,5.019,0.659,0.0,6.889,4,0,0,99.45,60.51,28.05,8.13,99.45,80.27,100.0,53.17,35,11530.874778105072,-27.93,15.81,40.92,1.91,2.74,2.09,Gurgaon,Cyber City,builder_floor,Tier 1,Excellent,Low,Luxury,0,1,0,0,0
3,1645.0,7.406103381237015,,,,0,1,1,0,0,15791095.0,16.574956731515794,9599.45,1.579,1.016,9571.702413793104,9447.31,29,0.2,8.624,5.21,5.597,1.317,5.919,17.737,0,0,0,1.34,17.08,17.61,6.09,1.34,64.46,13.9,72.79,43,11223.359681792177,54.44,6.18,4.67,16.39,4.83,0.28,Gurgaon,New Gurgaon Sector 82,apartment,Tier 2,Poor,Medium,Large,1,0,0,0,0
2,938.0,6.844815479208263,3.0,15.0,0.2,0,0,0,0,0,9237799.0,16.038814211779712,9848.4,0.924,1.042,9571.702413793104,9447.31,29,0.2,8.624,5.21,5.597,1.317,5.919,17.737,0,0,0,1.34,17.08,17.61,6.09,1.34,64.46,13.9,79.74,36,11000.572715809956,51.37,33.39,26.34,80.0,31.87,1.0,Gurgaon,New Gurgaon Sector 82,apartment,Tier 1,Poor,Medium,Standard,1,0,0,0,0
3,1502.0,7.315218389752975,,,,0,1,1,0,0,12237680.0,16.320030274599347,8147.59,1.224,0.99,8250.613823529411,8231.880000000001,34,0.04,3.168,7.658,4.866,5.845,5.707,8.681,0,0,0,20.51,13.49,7.79,8.78,20.51,14.25,14.92,72.24,37,10965.891705343245,38.54,25.22,60.8,3.21,9.46,4.66,Gurgaon,Palam Vihar,apartment,Tier 2,Poor,Medium,Large,1,0,0,0,0
1,589.0,6.380122536899765,1.0,10.0,0.1,0,0,0,0,0,5125902.0,15.449817067502563,8702.72,0.513,0.921,9571.702413793104,9447.31,29,0.2,8.624,5.21,5.597,1.317,5.919,17.737,0,0,0,1.34,17.08,17.61,6.09,1.34,64.46,13.9,72.79,43,11223.359681792177,54.44,37.34,37.74,58.18,9.04,51.2,Gurgaon,New Gurgaon Sector 82,apartment,Tier 2,Poor,Medium,Compact,1,0,0,0,0
1,484.0,6.184148890937483,0.0,,,1,0,1,0,0,4150653.0,15.238776229226353,8575.73,0.415,0.958,8876.151428571427,8954.53,35,0.08,5.491,1.986,0.895,4.49,2.122,16.417,0,3,2,6.42,35.9,51.58,63.92,6.42,22.39,49.3,73.42,55,10810.06286830001,26.76,40.08,37.2,77.2,46.04,0.55,Gurgaon,Ardee City,studio,Tier 2,Moderate,High,Micro,0,0,0,1,0
2,1012.0,6.920671504248683,3.0,15.0,0.2,0,0,0,1,1,12621279.0,16.35089475701022,12471.62,1.262,1.039,11870.16054054054,12002.05,37,0.4,4.292,4.231,2.015,5.745,6.58,11.712,0,0,0,11.69,20.24,24.41,36.51,11.69,14.73,11.15,59.4,46,11646.705001117241,14.51,47.93,74.8,20.81,70.0,0.44,Gurgaon,Sector 15,apartment,Individual,Poor,Medium,Standard,1,0,0,0,0
3,1544.0,7.3427791893318455,3.0,15.0,0.2,0,0,0,1,0,15308899.0,16.543944851266104,9915.09,1.531,0.833,11889.318,11904.240000000002,30,0.44,4.863,0.098,1.334,1.098,6.317,14.811,0,1,2,8.79,48.72,96.79,51.32,8.79,69.34,12.18,60.17,35,11530.874778105072,-0.23,41.14,74.8,11.8,50.18,0.26,Gurgaon,Sector 56,apartment,Tier 1,Good,Medium,Large,1,0,0,0,0
4,2064.0,7.632885505395133,,,,0,1,1,0,0,32344201.0,17.291945304728152,15670.64,3.234,0.896,17908.36074074074,17494.05,27,0.72,3.391,2.113,0.784,2.225,6.009,12.699,0,2,2,18.35,39.87,49.45,67.55,18.35,47.63,13.49,47.49,47,12174.359670335367,-26.93,12.41,14.5,12.78,17.67,1.83,Gurgaon,DLF Phase 5,apartment,Tier 2,Moderate,Low,XLarge,1,0,0,0,0
3,1626.0,7.394493107219038,10.0,14.0,0.7142857142857143,0,0,2,1,0,14136151.0,16.46424597487142,8693.82,1.414,0.967,9056.841555555555,8990.96,45,0.16,1.99,1.674,2.225,4.041,5.75,12.744,1,2,0,36.97,37.34,57.23,32.88,36.97,26.0,14.71,71.75,42,10981.949143260465,28.25,14.8,38.57,1.65,2.43,1.8,Gurgaon,South City,apartment,Tier 2,Moderate,Medium,Large,1,0,0,0,0
3,1774.0,7.4815557019095165,1.0,10.0,0.1,0,0,2,1,0,20156667.0,16.819045660118412,11362.27,2.016,1.143,9934.9616,9941.35,25,0.24,7.849,3.528,1.632,4.865,0.387,18.86,0,0,2,1.98,28.9,30.85,44.23,1.98,19.75,87.91,72.79,43,11223.359681792177,20.8,52.99,90.0,8.55,64.6,18.14,Gurgaon,Sohna Road,builder_floor,Tier 2,Moderate,High,Large,0,1,0,0,0
2,972.0,6.880384082186005,1.0,10.0,0.1,0,0,2,0,0,11508636.0,16.258608268028453,11840.16,1.151,1.073,11140.001764705883,11038.335,34,0.36,0.678,4.481,5.684,0.139,0.0,6.231,2,0,0,71.24,52.47,22.45,5.83,71.24,95.49,100.0,66.74,47,12174.359670335367,14.7,39.64,29.43,70.0,20.41,51.2,Gurgaon,Udyog Vihar,builder_floor,Tier 2,Good,Medium,Standard,0,1,0,0,0
2,936.0,6.842683282238422,7.0,12.0,0.5833333333333334,0,0,2,0,0,9089852.0,16.022669184392953,9711.38,0.909,1.08,9056.841555555555,8990.96,45,0.16,1.99,1.674,2.225,4.041,5.75,12.744,1,2,0,36.97,37.34,57.23,32.88,36.97,26.0,14.71,71.99,47,12174.359670335367,42.18,19.92,13.17,55.95,16.02,0.59,Gurgaon,South City,builder_floor,Tier 2,Moderate,Medium,Standard,0,1,0,0,0
2,959.0,6.866933284461882,10.0,14.0,0.7142857142857143,0,0,1,0,0,9837451.0,16.10170719075511,10258.03,0.984,0.989,10604.037027027027,10376.18,37,0.32,4.226,0.736,1.015,0.627,6.105,14.375,0,2,2,12.09,48.7,78.24,60.2,12.09,81.13,13.07,71.86,31,10995.311570656313,11.27,38.14,74.8,8.42,40.81,0.38,Gurgaon,Sector 57,apartment,Tier 1,Good,Medium,Standard,1,0,0,0,0
5,2915.0,7.977968093128549,,,,0,1,1,1,0,34937587.0,17.369073799037494,11985.45,3.494,1.007,11889.318,11904.240000000002,30,0.44,4.863,0.098,1.334,1.098,6.317,14.811,0,1,2,8.79,48.72,96.79,51.32,8.79,69.34,12.18,55.92,55,10810.06286830001,-6.47,53.41,90.0,7.99,64.6,20.83,Gurgaon,Sector 56,builder_floor,Tier 2,Good,Medium,Luxury,0,1,0,0,0
1,547.0,6.306275286948016,1.0,10.0,0.1,0,0,1,1,0,4166401.0,15.242563151571664,7616.82,0.417,0.847,9056.841555555555,8990.96,45,0.16,1.99,1.674,2.225,4.041,5.75,12.744,1,2,0,36.97,37.34,57.23,32.88,36.97,26.0,14.71,73.42,55,10810.06286830001,26.24,41.38,38.74,70.0,14.33,51.2,Gurgaon,South City,builder_floor,Tier 2,Moderate,High,Compact,0,1,0,0,0
4,1972.0,7.587310506022615,10.0,14.0,0.7142857142857143,0,0,1,0,0,37219607.0,17.4323462502833,18874.04,3.722,1.072,17880.592666666667,17599.635000000002,30,0.68,0.011,3.814,5.019,0.659,0.0,6.889,4,0,0,99.45,60.51,28.05,8.13,99.45,80.27,100.0,52.61,31,10995.311570656313,-31.28,43.56,90.0,5.63,35.71,10.04,Gurgaon,Cyber City,penthouse,Tier 1,Excellent,Medium,XLarge,0,0,1,0,0
3,1717.0,7.4489161025442,2.0,8.0,0.25,0,0,1,0,0,16710720.0,16.63156098761459,9732.51,1.671,1.182,8250.613823529411,8231.880000000001,34,0.04,3.168,7.658,4.866,5.845,5.707,8.681,0,0,0,20.51,13.49,7.79,8.78,20.51,14.25,14.92,79.74,36,11000.572715809956,38.98,61.1,90.0,16.03,64.6,51.2,Gurgaon,Palam Vihar,apartment,Tier 1,Poor,High,Large,1,0,0,0,0
2,1158.0,7.055312843339752,10.0,14.0,0.7142857142857143,0,0,2,0,0,11651854.0,16.2709758669452,10062.05,1.165,0.987,10054.119189189189,10191.19,37,0.28,6.461,2.659,0.314,4.513,1.112,17.427,0,2,2,3.95,38.82,41.21,85.48,3.95,22.21,69.03,66.5,42,10981.949143260465,13.15,11.43,13.76,8.09,17.97,2.53,Gurgaon,Nirvana Country,apartment,Tier 2,Moderate,Medium,Standard,1,0,0,0,0
3,1731.0,7.4570320891223805,5.0,20.0,0.25,0,0,2,0,0,21006291.0,16.860332522253707,12135.35,2.101,1.17,10604.037027027027,10376.18,37,0.32,4.226,0.736,1.015,0.627,6.105,14.375,0,2,2,12.09,48.7,78.24,60.2,12.09,81.13,13.07,66.99,37,10965.891705343245,10.97,23.23,29.28,10.3,39.39,5.35,Gurgaon,Sector 57,builder_floor,Tier 2,Good,Medium,Large,0,1,0,0,0
3,1764.0,7.475905969367397,7.0,12.0,0.5833333333333334,0,0,2,0,1,18972190.0,16.758484780688054,10755.21,1.897,1.138,9571.702413793104,9447.31,29,0.2,8.624,5.21,5.597,1.317,5.919,17.737,0,0,0,1.34,17.08,17.61,6.09,1.34,64.46,13.9,64.65,46,11646.705001117241,60.26,5.89,6.19,8.85,7.23,0.72,Gurgaon,New Gurgaon Sector 82,builder_floor,Individual,Poor,Medium,Large,0,1,0,0,0
4,1951.0,7.5766097669730375,2.0,8.0,0.25,0,0,1,0,0,21309837.0,16.87467935505446,10922.52,2.131,0.911,12158.14806451613,11985.0,31,0.48,5.905,2.006,0.225,4.301,1.56,16.926,0,2,2,5.22,41.77,51.24,89.36,5.22,23.84,59.45,60.17,35,11530.874778105072,-1.86,42.51,60.29,6.33,64.6,19.97,Gurgaon,Sector 48,apartment,Tier 1,Moderate,Medium,XLarge,1,0,0,0,0
4,2253.0,7.720461694599722,0.0,,,1,0,2,1,1,46229690.0,17.649132790339504,20519.17,4.623,1.166,17880.592666666667,17599.635000000002,30,0.68,0.011,3.814,5.019,0.659,0.0,6.889,4,0,0,99.45,60.51,28.05,8.13,99.45,80.27,100.0,40.15,46,11646.705001117241,-27.21,37.83,18.53,70.0,23.76,57.0,Gurgaon,Cyber City,apartment,Individual,Excellent,Medium,XLarge,1,0,0,0,0
2,1038.0,6.946013991099227,3.0,15.0,0.2,0,0,2,0,0,9519301.0,16.0688319797021,9170.81,0.952,0.884,10604.037027027027,10376.18,37,0.32,4.226,0.736,1.015,0.627,6.105,14.375,0,2,2,12.09,48.7,78.24,60.2,12.09,81.13,13.07,66.5,42,10981.949143260465,11.13,57.4,67.69,80.0,70.0,1.06,Gurgaon,Sector 57,apartment,Tier 2,Good,High,Standard,1,0,0,0,0
2,1153.0,7.050989447068045,7.0,12.0,0.5833333333333334,0,0,1,0,1,11293808.0,16.239765168893328,9795.15,1.129,0.961,10054.119189189189,10191.19,37,0.28,6.461,2.659,0.314,4.513,1.112,17.427,0,2,2,3.95,38.82,41.21,85.48,3.95,22.21,69.03,64.65,46,11646.705001117241,20.0,15.11,17.71,16.22,21.09,1.97,Gurgaon,Nirvana Country,penthouse,Individual,Moderate,Medium,Standard,0,0,1,0,0
3,1678.0,7.425953657077541,0.0,,,1,0,0,0,0,20802502.0,16.850583825899008,12397.2,2.08,0.899,13880.907631578948,13783.235,38,0.64,0.322,1.961,3.188,0.509,1.861,8.715,5,1,0,85.12,60.64,52.02,20.32,85.12,84.38,53.78,52.61,31,10995.311570656313,-15.44,54.42,90.0,26.46,64.6,7.39,Gurgaon,MG Road,apartment,Tier 1,Excellent,Medium,Large,1,0,0,0,0
4,2266.0,7.726212650507529,3.0,15.0,0.2,0,0,2,0,0,18869503.0,16.75305757889507,8327.23,1.887,0.881,9571.702413793104,9447.31,29,0.2,8.624,5.21,5.597,1.317,5.919,17.737,0,0,0,1.34,17.08,17.61,6.09,1.34,64.46,13.9,73.42,55,10810.06286830001,48.75,44.16,74.8,16.48,58.51,0.26,Gurgaon,New Gurgaon Sector 82,studio,Tier 2,Poor,High,XLarge,0,0,0,1,0
2,1097.0,7.001245622069476,5.0,20.0,0.25,0,0,1,0,1,9767096.0,16.094529743397384,8903.46,0.977,0.99,9056.841555555555,8990.96,45,0.16,1.99,1.674,2.225,4.041,5.75,12.744,1,2,0,36.97,37.34,57.23,32.88,36.97,26.0,14.71,64.65,46,11646.705001117241,36.01,54.22,90.0,24.43,64.6,8.43,Gurgaon,South City,apartment,Individual,Moderate,High,Standard,1,0,0,0,0
3,1430.0,7.266128779556451,10.0,14.0,0.7142857142857143,0,0,0,1,0,12165296.0,16.314097866004026,8507.2,1.217,0.946,9056.841555555555,8990.96,45,0.16,1.99,1.674,2.225,4.041,5.75,12.744,1,2,0,36.97,37.34,57.23,32.88,36.97,26.0,14.71,74.25,40,11155.323746176988,30.28,47.27,84.1,26.64,47.5,3.15,Gurgaon,South City,studio,Tier 2,Moderate,High,Large,0,0,0,1,0
3,1595.0,7.3752557780097545,1.0,10.0,0.1,0,0,0,0,0,17086661.0,16.65380865858943,10712.64,1.709,1.032,10604.037027027027,10376.18,37,0.32,4.226,0.736,1.015,0.627,6.105,14.375,0,2,2,12.09,48.7,78.24,60.2,12.09,81.13,13.07,71.99,47,12174.359670335367,23.2,48.33,71.75,7.21,64.6,28.15,Gurgaon,Sector 57,villa,Tier 2,Good,High,Large,0,0,0,0,1
3,1793.0,7.492203042618741,2.0,8.0,0.25,0,0,0,1,0,23089734.0,16.954898661125732,12877.71,2.309,1.074,12158.14806451613,11985.0,31,0.48,5.905,2.006,0.225,4.301,1.56,16.926,0,2,2,5.22,41.77,51.24,89.36,5.22,23.84,59.45,61.49,47,12174.359670335367,3.61,38.14,15.15,70.0,29.76,57.0,Gurgaon,Sector 48,apartment,Tier 2,Moderate,Medium,Large,1,0,0,0,0
2,1181.0,7.074963197966044,,,,0,1,2,0,0,14085279.0,16.460640767403138,11926.57,1.409,0.865,13880.907631578948,13783.235,38,0.64,0.322,1.961,3.188,0.509,1.861,8.715,5,1,0,85.12,60.64,52.02,20.32,85.12,84.38,53.78,48.29,43,11223.359681792177,-13.69,36.59,11.05,60.72,36.71,57.0,Gurgaon,MG Road,penthouse,Tier 2,Excellent,Medium,Standard,0,0,1,0,0
3,1369.0,7.222566018822171,2.0,8.0,0.25,0,0,2,1,0,11923593.0,16.294029600356232,8709.71,1.192,0.922,9571.702413793104,9447.31,29,0.2,8.624,5.21,5.597,1.317,5.919,17.737,0,0,0,1.34,17.08,17.61,6.09,1.34,64.46,13.9,71.75,42,10981.949143260465,51.12,38.38,13.46,70.0,33.07,57.0,Gurgaon,New Gurgaon Sector 82,apartment,Tier 2,Poor,High,Large,1,0,0,0,0
4,1899.0,7.549609165154532,5.0,20.0,0.25,0,0,0,1,0,18761398.0,16.74731201902172,9879.62,1.876,0.969,10054.119189189189,10191.19,37,0.28,6.461,2.659,0.314,4.513,1.112,17.427,0,2,2,3.95,38.82,41.21,85.48,3.95,22.21,69.03,74.49,36,11000.572715809956,13.34,42.62,57.93,26.18,64.6,4.77,Gurgaon,Nirvana Country,penthouse,Tier 1,Moderate,Medium,XLarge,0,0,1,0,0
2,940.0,6.846943139585379,0.0,,,1,0,1,0,0,16268702.0,16.604753697278863,17307.13,1.627,0.989,17908.36074074074,17494.05,27,0.72,3.391,2.113,0.784,2.225,6.009,12.699,0,2,2,18.35,39.87,49.45,67.55,18.35,47.63,13.49,49.02,47,10937.253284940389,-34.35,51.15,60.56,17.84,64.6,51.2,Gurgaon,DLF Phase 5,builder_floor,Tier 2,Moderate,Medium,Standard,0,1,0,0,0
2,1118.0,7.020190708311925,,,,0,1,1,0,0,11026051.0,16.21577130355187,9862.3,1.103,1.097,9056.841555555555,8990.96,45,0.16,1.99,1.674,2.225,4.041,5.75,12.744,1,2,0,36.97,37.34,57.23,32.88,36.97,26.0,14.71,73.52,47,10937.253284940389,27.73,30.4,37.41,5.3,53.06,14.89,Gurgaon,South City,apartment,Tier 2,Moderate,Medium,Standard,1,0,0,0,0
5,2863.0,7.9599745280805365,1.0,10.0,0.1,0,0,0,0,0,29177377.0,17.18890420668269,10191.19,2.918,1.0,10054.119189189189,10191.19,37,0.28,6.461,2.659,0.314,4.513,1.112,17.427,0,2,2,3.95,38.82,41.21,85.48,3.95,22.21,69.03,69.0,40,11155.323746176988,14.93,5.07,5.25,7.9,6.1,0.62,Gurgaon,Nirvana Country,builder_floor,Tier 2,Moderate,Low,Luxury,0,1,0,0,0
2,964.0,6.872128101338986,5.0,20.0,0.25,0,0,0,1,0,12516557.0,16.342562885816793,12983.98,1.252,1.091,11889.318,11904.240000000002,30,0.44,4.863,0.098,1.334,1.098,6.317,14.811,0,1,2,8.79,48.72,96.79,51.32,8.79,69.34,12.18,59.61,31,10995.311570656313,-4.86,55.08,90.0,15.16,54.19,35.01,Gurgaon,Sector 56,studio,Tier 1,Good,High,Standard,0,0,0,1,0
4,2104.0,7.652070746116482,,,,0,1,0,0,0,20507541.0,16.836303230125605,9746.93,2.051,1.084,9056.841555555555,8990.96,45,0.16,1.99,1.674,2.225,4.041,5.75,12.744,1,2,0,36.97,37.34,57.23,32.88,36.97,26.0,14.71,79.39,41,10665.515724471146,24.56,55.39,89.67,8.26,64.6,31.0,Gurgaon,South City,apartment,Tier 1,Moderate,High,XLarge,1,0,0,0,0
3,1728.0,7.455298485683291,5.0,20.0,0.25,0,0,0,1,0,16340106.0,16.60913313452319,9456.08,1.634,0.928,10054.119189189189,10191.19,37,0.28,6.461,2.659,0.314,4.513,1.112,17.427,0,2,2,3.95,38.82,41.21,85.48,3.95,22.21,69.03,71.86,31,10995.311570656313,13.28,28.5,29.48,54.37,27.91,1.63,Gurgaon,Nirvana Country,builder_floor,Tier 1,Moderate,Medium,Large,0,1,0,0,0
2,1120.0,7.02197642307216,10.0,14.0,0.7142857142857143,0,0,0,0,0,25600770.0,17.058132987122452,22857.83,2.56,1.078,21315.337419354837,21194.36,31,0.88,3.813,1.388,1.408,0.348,5.601,14.303,0,3,3,14.86,45.0,62.97,49.46,14.86,89.06,15.46,47.49,47,12174.359670335367,-32.79,50.18,89.83,13.94,41.13,28.32,Gurgaon,Golf Course Road,builder_floor,Tier 2,Good,Low,Standard,0,1,0,0,0
4,2125.0,7.661997558901893,5.0,20.0,0.25,0,0,2,0,0,16734651.0,16.632992037913542,7875.13,1.673,0.957,8250.613823529411,8231.880000000001,34,0.04,3.168,7.658,4.866,5.845,5.707,8.681,0,0,0,20.51,13.49,7.79,8.78,20.51,14.25,14.92,79.74,36,11000.572715809956,38.98,18.98,39.52,7.74,7.49,8.66,Gurgaon,Palam Vihar,villa,Tier 1,Poor,Medium,XLarge,0,0,0,0,1
2,1077.0,6.982862751468942,1.0,10.0,0.1,0,0,0,0,0,11259044.0,16.236682274762355,10454.08,1.126,0.947,11140.001764705883,11038.335,34,0.36,0.678,4.481,5.684,0.139,0.0,6.231,2,0,0,71.24,52.47,22.45,5.83,71.24,95.49,100.0,69.24,36,11000.572715809956,3.64,29.26,24.18,17.81,27.99,51.2,Gurgaon,Udyog Vihar,apartment,Tier 1,Good,Medium,Standard,1,0,0,0,0
3,1579.0,7.365180126021013,7.0,12.0,0.5833333333333334,0,0,2,1,0,19930201.0,16.807746777436666,12622.04,1.993,1.052,11870.16054054054,12002.05,37,0.4,4.292,4.231,2.015,5.745,6.58,11.712,0,0,0,11.69,20.24,24.41,36.51,11.69,14.73,11.15,63.75,40,11155.323746176988,9.68,24.59,60.8,3.23,7.28,4.23,Gurgaon,Sector 15,apartment,Tier 2,Poor,Medium,Large,1,0,0,0,0
2,989.0,6.897704943128636,3.0,15.0,0.2,0,0,2,0,0,8282559.0,15.92966253658388,8374.68,0.828,1.017,8250.613823529411,8231.880000000001,34,0.04,3.168,7.658,4.866,5.845,5.707,8.681,0,0,0,20.51,13.49,7.79,8.78,20.51,14.25,14.92,72.79,43,11223.359681792177,41.79,18.47,18.0,33.93,21.37,0.23,Gurgaon,Palam Vihar,apartment,Tier 2,Poor,Medium,Standard,1,0,0,0,0
3,1604.0,7.380879035564116,,,,0,1,0,1,0,15600889.0,16.562838457775545,9726.24,1.56,1.086,8876.151428571427,8954.53,35,0.08,5.491,1.986,0.895,4.49,2.122,16.417,0,3,2,6.42,35.9,51.58,63.92,6.42,22.39,49.3,71.75,42,10981.949143260465,28.77,7.71,8.83,7.96,11.02,1.36,Gurgaon,Ardee City,builder_floor,Tier 2,Moderate,Medium,Large,0,1,0,0,0
2,1107.0,7.010311867307229,10.0,14.0,0.7142857142857143,0,0,2,0,0,13750877.0,16.43661316186106,12421.75,1.375,1.125,11140.001764705883,11038.335,34,0.36,0.678,4.481,5.684,0.139,0.0,6.231,2,0,0,71.24,52.47,22.45,5.83,71.24,95.49,100.0,61.74,37,10965.891705343245,3.32,47.18,74.8,16.89,70.0,0.63,Gurgaon,Udyog Vihar,apartment,Tier 2,Good,Medium,Standard,1,0,0,0,0
2,1162.0,7.0587581525186645,1.0,10.0,0.1,0,0,2,1,0,23521297.0,16.973416824032117,20242.08,2.352,1.15,17880.592666666667,17599.635000000002,30,0.68,0.011,3.814,5.019,0.659,0.0,6.889,4,0,0,99.45,60.51,28.05,8.13,99.45,80.27,100.0,48.92,55,10810.06286830001,-32.44,21.72,34.77,11.41,28.96,0.13,Gurgaon,Cyber City,studio,Tier 2,Excellent,Low,Standard,0,0,0,1,0
5,2727.0,7.911324018963353,5.0,20.0,0.25,0,0,2,0,0,30174909.0,17.222521309201813,11065.24,3.017,1.086,10054.119189189189,10191.19,37,0.28,6.461,2.659,0.314,4.513,1.112,17.427,0,2,2,3.95,38.82,41.21,85.48,3.95,22.21,69.03,69.0,40,11155.323746176988,14.93,7.22,8.32,7.0,10.53,1.39,Gurgaon,Nirvana Country,apartment,Tier 2,Moderate,Low,Luxury,1,0,0,0,0
2,1128.0,7.029087564149662,10.0,14.0,0.7142857142857143,0,0,0,1,0,12332322.0,16.327734178578204,10932.91,1.233,0.99,11140.001764705883,11038.335,34,0.36,0.678,4.481,5.684,0.139,0.0,6.231,2,0,0,71.24,52.47,22.45,5.83,71.24,95.49,100.0,69.24,36,11000.572715809956,3.64,45.43,49.02,44.63,36.42,51.2,Gurgaon,Udyog Vihar,builder_floor,Tier 1,Good,Medium,Standard,0,1,0,0,0
3,1422.0,7.260522598089852,1.0,10.0,0.1,0,0,1,0,0,11773648.0,16.28137437174158,8279.64,1.177,0.925,8876.151428571427,8954.53,35,0.08,5.491,1.986,0.895,4.49,2.122,16.417,0,3,2,6.42,35.9,51.58,63.92,6.42,22.39,49.3,73.52,47,10937.253284940389,28.25,24.13,33.28,20.47,33.4,0.17,Gurgaon,Ardee City,apartment,Tier 2,Moderate,Medium,Large,1,0,0,0,0
2,1038.0,6.946013991099227,7.0,12.0,0.5833333333333334,0,0,0,0,0,10669104.0,16.18286264599374,10278.52,1.067,1.088,9571.702413793104,9447.31,29,0.2,8.624,5.21,5.597,1.317,5.919,17.737,0,0,0,1.34,17.08,17.61,6.09,1.34,64.46,13.9,79.39,41,10665.515724471146,46.76,46.51,74.8,22.06,62.14,1.94,Gurgaon,New Gurgaon Sector 82,apartment,Tier 1,Poor,High,Standard,1,0,0,0,0
3,1354.0,7.2115567333138015,10.0,14.0,0.7142857142857143,0,0,2,0,0,23686944.0,16.980434568235925,17494.05,2.369,1.0,17908.36074074074,17494.05,27,0.72,3.391,2.113,0.784,2.225,6.009,12.699,0,2,2,18.35,39.87,49.45,67.55,18.35,47.63,13.49,53.17,35,11530.874778105072,-30.79,11.68,12.99,15.54,15.04,1.35,Gurgaon,DLF Phase 5,apartment,Tier 1,Moderate,Low,Large,1,0,0,0,0
2,974.0,6.882437470997847,10.0,14.0,0.7142857142857143,0,0,0,1,0,21751475.0,16.895192129291512,22332.11,2.175,1.054,21315.337419354837,21194.36,31,0.88,3.813,1.388,1.408,0.348,5.601,14.303,0,3,3,14.86,45.0,62.97,49.46,14.86,89.06,15.46,55.24,36,11000.572715809956,-39.27,7.5,7.38,13.88,8.05,0.66,Gurgaon,Golf Course Road,apartment,Tier 1,Good,Low,Standard,1,0,0,0,0
5,2795.0,7.935945103353701,3.0,15.0,0.2,0,0,0,0,0,34735701.0,17.363278563278733,12427.8,3.474,1.044,11889.318,11904.240000000002,30,0.44,4.863,0.098,1.334,1.098,6.317,14.811,0,1,2,8.79,48.72,96.79,51.32,8.79,69.34,12.18,55.29,43,11223.359681792177,-2.89,57.59,90.0,13.28,64.6,36.4,Gurgaon,Sector 56,builder_floor,Tier 2,Good,High,Luxury,0,1,0,0,0
3,1796.0,7.493873886783559,2.0,8.0,0.25,0,0,1,0,0,18518861.0,16.734300284211123,10311.17,1.852,1.012,10054.119189189189,10191.19,37,0.28,6.461,2.659,0.314,4.513,1.112,17.427,0,2,2,3.95,38.82,41.21,85.48,3.95,22.21,69.03,67.54,43,11223.359681792177,15.63,33.45,48.0,26.38,18.08,34.27,Gurgaon,Nirvana Country,penthouse,Tier 2,Moderate,Medium,Large,0,0,1,0,0
2,930.0,6.836259277277067,,,,0,1,1,0,0,10335025.0,16.151049170059764,11112.93,1.034,0.934,11889.318,11904.240000000002,30,0.44,4.863,0.098,1.334,1.098,6.317,14.811,0,1,2,8.79,48.72,96.79,51.32,8.79,69.34,12.18,62.24,36,11000.572715809956,-4.82,33.17,64.4,7.63,25.63,13.48,Gurgaon,Sector 56,builder_floor,Tier 1,Good,Medium,Standard,0,1,0,0,0
1,510.0,6.236369590203704,3.0,15.0,0.2,0,0,2,1,0,5673240.0,15.551270941072227,11124.0,0.567,0.928,12158.14806451613,11985.0,31,0.48,5.905,2.006,0.225,4.301,1.56,16.926,0,2,2,5.22,41.77,51.24,89.36,5.22,23.84,59.45,55.29,43,11223.359681792177,-4.48,53.73,90.0,11.71,64.6,18.69,Gurgaon,Sector 48,studio,Tier 2,Moderate,Medium,Compact,0,0,0,1,0
2,1140.0,7.039660349862076,0.0,,,1,0,0,0,0,10181853.0,16.13611757609801,8931.45,1.018,0.993,9056.841555555555,8990.96,45,0.16,1.99,1.674,2.225,4.041,5.75,12.744,1,2,0,36.97,37.34,57.23,32.88,36.97,26.0,14.71,74.25,40,11155.323746176988,30.28,27.09,18.88,76.72,19.89,0.82,Gurgaon,South City,penthouse,Tier 2,Moderate,Medium,Standard,0,0,1,0,0
3,1442.0,7.274479558773871,,,,0,1,1,0,0,12261888.0,16.322006473353415,8503.39,1.226,0.834,10054.119189189189,10191.19,37,0.28,6.461,2.659,0.314,4.513,1.112,17.427,0,2,2,3.95,38.82,41.21,85.48,3.95,22.21,69.03,74.49,36,11000.572715809956,13.34,31.83,40.53,32.6,44.3,0.27,Gurgaon,Nirvana Country,builder_floor,Tier 1,Moderate,Medium,Large,0,1,0,0,0
2,1067.0,6.97354301952014,3.0,15.0,0.2,0,0,0,1,0,13887421.0,16.446494024344986,13015.39,1.389,1.084,11870.16054054054,12002.05,37,0.4,4.292,4.231,2.015,5.745,6.58,11.712,0,0,0,11.69,20.24,24.41,36.51,11.69,14.73,11.15,69.24,36,11000.572715809956,8.15,44.0,6.0,70.0,66.0,57.0,Gurgaon,Sector 15,villa,Tier 1,Poor,Medium,Standard,0,0,0,0,1
4,2240.0,7.714677473800927,5.0,20.0,0.25,0,0,1,1,0,20553747.0,16.838553818051796,9175.78,2.055,0.9,10054.119189189189,10191.19,37,0.28,6.461,2.659,0.314,4.513,1.112,17.427,0,2,2,3.95,38.82,41.21,85.48,3.95,22.21,69.03,66.5,42,10981.949143260465,13.15,52.85,90.0,12.82,64.6,13.2,Gurgaon,Nirvana Country,builder_floor,Tier 2,Moderate,High,XLarge,0,1,0,0,0
2,1085.0,6.990256500493881,,,,0,1,0,0,0,10297355.0,16.14739762410559,9490.65,1.03,0.915,10604.037027027027,10376.18,37,0.32,4.226,0.736,1.015,0.627,6.105,14.375,0,2,2,12.09,48.7,78.24,60.2,12.09,81.13,13.07,62.92,55,10810.06286830001,9.39,36.61,75.86,10.91,28.16,4.2,Gurgaon,Sector 57,apartment,Tier 2,Good,Medium,Standard,1,0,0,0,0
2,956.0,6.863803391452954,,,,0,1,0,1,0,14663252.0,16.50085505792625,15338.13,1.466,0.877,17908.36074074074,17494.05,27,0.72,3.391,2.113,0.784,2.225,6.009,12.699,0,2,2,18.35,39.87,49.45,67.55,18.35,47.63,13.49,54.89,41,10665.515724471146,-35.99,23.41,60.8,1.56,5.51,2.19,Gurgaon,DLF Phase 5,builder_floor,Tier 1,Moderate,Low,Standard,0,1,0,0,0
3,1510.0,7.32052696227274,1.0,10.0,0.1,0,0,0,1,0,17059346.0,16.65220876400577,11297.58,1.706,1.089,10604.037027027027,10376.18,37,0.32,4.226,0.736,1.015,0.627,6.105,14.375,0,2,2,12.09,48.7,78.24,60.2,12.09,81.13,13.07,67.54,43,11223.359681792177,13.57,31.42,48.0,21.67,18.3,28.55,Gurgaon,Sector 57,apartment,Tier 2,Good,Medium,Large,1,0,0,0,0
3,1703.0,7.440733707389261,5.0,20.0,0.25,0,0,0,0,0,17264111.0,16.664140396023797,10137.47,1.726,0.995,10054.119189189189,10191.19,37,0.28,6.461,2.659,0.314,4.513,1.112,17.427,0,2,2,3.95,38.82,41.21,85.48,3.95,22.21,69.03,66.5,42,10981.949143260465,13.15,52.39,90.0,7.36,64.6,16.33,Gurgaon,Nirvana Country,builder_floor,Tier 2,Moderate,High,Large,0,1,0,0,0
2,1066.0,6.9726062513017535,0.0,,,1,0,1,0,0,21764341.0,16.895783454540933,20416.83,2.176,0.963,21315.337419354837,21194.36,31,0.88,3.813,1.388,1.408,0.348,5.601,14.303,0,3,3,14.86,45.0,62.97,49.46,14.86,89.06,15.46,47.49,47,12174.359670335367,-32.79,3.88,3.92,6.39,4.54,0.46,Gurgaon,Golf Course Road,builder_floor,Tier 2,Good,Low,Standard,0,1,0,0,0
2,902.0,6.805722553416985,2.0,8.0,0.25,0,0,2,1,0,8615363.0,15.969057562866114,9551.4,0.862,0.865,11140.001764705883,11038.335,34,0.36,0.678,4.481,5.684,0.139,0.0,6.231,2,0,0,71.24,52.47,22.45,5.83,71.24,95.49,100.0,66.74,47,12174.359670335367,14.7,55.11,90.0,9.98,64.6,27.32,Gurgaon,Udyog Vihar,apartment,Tier 2,Good,High,Standard,1,0,0,0,0
1,564.0,6.336825731146441,10.0,14.0,0.7142857142857143,0,0,0,0,0,6348920.0,15.663795277663688,11256.95,0.635,0.946,11889.318,11904.240000000002,30,0.44,4.863,0.098,1.334,1.098,6.317,14.811,0,1,2,8.79,48.72,96.79,51.32,8.79,69.34,12.18,54.74,37,10965.891705343245,-5.12,55.07,90.0,31.36,64.6,5.76,Gurgaon,Sector 56,apartment,Tier 2,Good,High,Compact,1,0,0,0,0
3,1366.0,7.220373836723949,7.0,12.0,0.5833333333333334,0,0,0,1,0,27583925.0,17.132743733474342,20193.21,2.758,0.953,21315.337419354837,21194.36,31,0.88,3.813,1.388,1.408,0.348,5.601,14.303,0,3,3,14.86,45.0,62.97,49.46,14.86,89.06,15.46,47.74,37,10965.891705343245,-39.46,26.18,32.46,24.05,37.66,2.97,Gurgaon,Golf Course Road,penthouse,Tier 2,Good,Low,Large,0,0,1,0,0
3,1686.0,7.430707082545968,3.0,15.0,0.2,0,0,1,1,1,17314512.0,16.667055551765703,10269.58,1.731,1.008,10054.119189189189,10191.19,37,0.28,6.461,2.659,0.314,4.513,1.112,17.427,0,2,2,3.95,38.82,41.21,85.48,3.95,22.21,69.03,64.65,46,11646.705001117241,20.0,57.67,90.0,11.48,64.6,38.62,Gurgaon,Nirvana Country,builder_floor,Individual,Moderate,High,Large,0,1,0,0,0
3,1441.0,7.273786317844895,1.0,10.0,0.1,0,0,2,1,0,13177498.0,16.39402123593763,9144.69,1.318,1.021,8876.151428571427,8954.53,35,0.08,5.491,1.986,0.895,4.49,2.122,16.417,0,3,2,6.42,35.9,51.58,63.92,6.42,22.39,49.3,74.25,40,11155.323746176988,30.81,7.47,5.39,20.08,6.04,0.3,Gurgaon,Ardee City,apartment,Tier 2,Moderate,Medium,Large,1,0,0,0,0
4,2375.0,7.773173680482536,3.0,15.0,0.2,0,0,1,0,0,25352080.0,17.048371335917494,10674.56,2.535,0.967,11140.001764705883,11038.335,34,0.36,0.678,4.481,5.684,0.139,0.0,6.231,2,0,0,71.24,52.47,22.45,5.83,71.24,95.49,100.0,63.75,40,11155.323746176988,5.1,2.45,2.55,3.57,3.08,0.38,Gurgaon,Udyog Vihar,builder_floor,Tier 2,Good,Low,XLarge,0,1,0,0,0
4,2021.0,7.611842399580417,0.0,,,1,0,1,1,0,16115393.0,16.595285460151192,7973.97,1.612,0.89,8876.151428571427,8954.53,35,0.08,5.491,1.986,0.895,4.49,2.122,16.417,0,3,2,6.42,35.9,51.58,63.92,6.42,22.39,49.3,77.11,31,10995.311570656313,28.93,62.53,89.53,24.57,64.18,51.2,Gurgaon,Ardee City,builder_floor,Tier 1,Moderate,High,XLarge,0,1,0,0,0
3,1497.0,7.311886164077165,10.0,14.0,0.7142857142857143,0,0,1,1,0,20283796.0,16.82533289865854,13549.63,2.028,1.138,11889.318,11904.240000000002,30,0.44,4.863,0.098,1.334,1.098,6.317,14.811,0,1,2,8.79,48.72,96.79,51.32,8.79,69.34,12.18,61.89,41,10665.515724471146,-7.72,50.46,83.56,9.74,64.6,15.58,Gurgaon,Sector 56,apartment,Tier 1,Good,Medium,Large,1,0,0,0,0
4,1889.0,7.5443321080536885,0.0,,,1,0,1,0,0,20815590.0,16.851212783153052,11019.37,2.082,0.998,11140.001764705883,11038.335,34,0.36,0.678,4.481,5.684,0.139,0.0,6.231,2,0,0,71.24,52.47,22.45,5.83,71.24,95.49,100.0,63.02,47,10937.253284940389,3.05,60.56,90.0,16.83,64.6,47.73,Gurgaon,Udyog Vihar,studio,Tier 2,Good,High,XLarge,0,0,0,1,0
2,992.0,6.900730664045173,,,,0,1,0,0,0,12126863.0,16.310933632469485,12224.66,1.213,1.019,11870.16054054054,12002.05,37,0.4,4.292,4.231,2.015,5.745,6.58,11.712,0,0,0,11.69,20.24,24.41,36.51,11.69,14.73,11.15,69.24,36,11000.572715809956,8.15,38.66,38.77,21.63,42.08,51.2,Gurgaon,Sector 15,builder_floor,Tier 1,Poor,Medium,Standard,0,1,0,0,0
2,1163.0,7.059617628291383,7.0,12.0,0.5833333333333334,0,0,2,1,0,18666906.0,16.74226278137769,16050.65,1.867,0.917,17908.36074074074,17494.05,27,0.72,3.391,2.113,0.784,2.225,6.009,12.699,0,2,2,18.35,39.87,49.45,67.55,18.35,47.63,13.49,48.29,43,11223.359681792177,-32.64,12.46,31.36,2.16,2.41,2.24,Gurgaon,DLF Phase 5,apartment,Tier 2,Moderate,Low,Standard,1,0,0,0,0
2,1199.0,7.090076835776092,0.0,,,1,0,1,0,0,10174318.0,16.135377260019496,8485.67,1.017,1.031,8250.613823529411,8231.880000000001,34,0.04,3.168,7.658,4.866,5.845,5.707,8.681,0,0,0,20.51,13.49,7.79,8.78,20.51,14.25,14.92,79.39,41,10665.515724471146,34.75,52.99,75.11,61.25,55.79,2.52,Gurgaon,Palam Vihar,villa,Tier 1,Poor,High,Standard,0,0,0,0,1
1,505.0,6.226536669287466,3.0,15.0,0.2,0,0,2,1,1,5984760.0,15.604726795919547,11851.01,0.598,0.86,13880.907631578948,13783.235,38,0.64,0.322,1.961,3.188,0.509,1.861,8.715,5,1,0,85.12,60.64,52.02,20.32,85.12,84.38,53.78,40.15,46,11646.705001117241,-10.43,45.11,84.07,22.3,42.22,3.33,Gurgaon,MG Road,penthouse,Individual,Excellent,Medium,Compact,0,0,1,0,0
3,1552.0,7.347943823148687,5.0,20.0,0.25,0,0,2,0,0,28047791.0,17.149420434603694,18072.03,2.805,1.027,17880.592666666667,17599.635000000002,30,0.68,0.011,3.814,5.019,0.659,0.0,6.889,4,0,0,99.45,60.51,28.05,8.13,99.45,80.27,100.0,47.49,47,12174.359670335367,-23.91,15.21,35.55,4.17,4.21,4.42,Gurgaon,Cyber City,apartment,Tier 2,Excellent,Low,Large,1,0,0,0,0
4,2233.0,7.711548979629146,5.0,20.0,0.25,0,0,0,0,0,55846437.0,17.838116285562613,25009.6,5.585,1.18,21315.337419354837,21194.36,31,0.88,3.813,1.388,1.408,0.348,5.601,14.303,0,3,3,14.86,45.0,62.97,49.46,14.86,89.06,15.46,47.49,47,12174.359670335367,-32.79,53.36,90.0,10.77,58.62,25.24,Gurgaon,Golf Course Road,apartment,Tier 2,Good,Medium,XLarge,1,0,0,0,0
1,583.0,6.369900982828227,,,,0,1,0,0,0,5121900.0,15.449036021927435,8785.42,0.512,0.977,9056.841555555555,8990.96,45,0.16,1.99,1.674,2.225,4.041,5.75,12.744,1,2,0,36.97,37.34,57.23,32.88,36.97,26.0,14.71,77.11,31,10995.311570656313,28.41,4.43,4.66,6.44,5.54,0.61,Gurgaon,South City,apartment,Tier 1,Moderate,Medium,Compact,1,0,0,0,0
2,1078.0,6.983789965258135,2.0,8.0,0.25,0,0,1,1,0,19605694.0,16.79133059221491,18187.1,1.961,0.858,21315.337419354837,21194.36,31,0.88,3.813,1.388,1.408,0.348,5.601,14.303,0,3,3,14.86,45.0,62.97,49.46,14.86,89.06,15.46,47.25,42,10981.949143260465,-39.38,47.97,90.0,11.13,39.13,22.29,Gurgaon,Golf Course Road,builder_floor,Tier 2,Good,Low,Standard,0,1,0,0,0
3,1526.0,7.3310603052186325,3.0,15.0,0.2,0,0,0,1,0,18103747.0,16.711629491385665,11863.53,1.81,0.861,13880.907631578948,13783.235,38,0.64,0.322,1.961,3.188,0.509,1.861,8.715,5,1,0,85.12,60.64,52.02,20.32,85.12,84.38,53.78,54.89,41,10665.515724471146,-17.98,27.13,48.0,12.65,17.36,17.29,Gurgaon,MG Road,builder_floor,Tier 1,Excellent,Low,Large,0,1,0,0,0
4,2048.0,7.6251071482389,3.0,15.0,0.2,0,0,0,1,0,16793928.0,16.63652795047101,8200.16,1.679,0.996,8250.613823529411,8231.880000000001,34,0.04,3.168,7.658,4.866,5.845,5.707,8.681,0,0,0,20.51,13.49,7.79,8.78,20.51,14.25,14.92,71.75,42,10981.949143260465,38.74,37.7,67.22,16.27,41.66,2.54,Gurgaon,Palam Vihar,builder_floor,Tier 2,Poor,High,XLarge,0,1,0,0,0
2,1109.0,7.01211529430638,0.0,,,1,0,0,1,0,9672798.0,16.08482817407679,8722.09,0.967,0.877,9934.9616,9941.35,25,0.24,7.849,3.528,1.632,4.865,0.387,18.86,0,0,2,1.98,28.9,30.85,44.23,1.98,19.75,87.91,66.99,37,10965.891705343245,18.03,8.1,5.8,21.15,7.18,0.25,Gurgaon,Sohna Road,studio,Tier 2,Moderate,Medium,Standard,0,0,0,1,0
3,1351.0,7.20934025660291,7.0,12.0,0.5833333333333334,0,0,2,1,0,11307397.0,16.240967671294197,8369.65,1.131,0.886,9571.702413793104,9447.31,29,0.2,8.624,5.21,5.597,1.317,5.919,17.737,0,0,0,1.34,17.08,17.61,6.09,1.34,64.46,13.9,71.99,47,12174.359670335367,67.53,36.84,34.03,30.58,34.29,51.2,Gurgaon,New Gurgaon Sector 82,villa,Tier 2,Poor,Medium,Large,0,0,0,0,1
1,543.0,6.298949246855942,3.0,15.0,0.2,0,0,0,0,0,6783824.0,15.730051512721113,12493.23,0.678,1.041,11870.16054054054,12002.05,37,0.4,4.292,4.231,2.015,5.745,6.58,11.712,0,0,0,11.69,20.24,24.41,36.51,11.69,14.73,11.15,67.54,43,11223.359681792177,10.34,35.76,46.13,29.9,51.66,3.58,Gurgaon,Sector 15,apartment,Tier 2,Poor,Medium,Compact,1,0,0,0,0
2,1007.0,6.915723448631314,1.0,10.0,0.1,0,0,1,0,1,8758050.0,15.98548383539318,8697.17,0.876,0.971,8876.151428571427,8954.53,35,0.08,5.491,1.986,0.895,4.49,2.122,16.417,0,3,2,6.42,35.9,51.58,63.92,6.42,22.39,49.3,64.65,46,11646.705001117241,36.57,27.49,28.07,53.54,26.6,1.56,Gurgaon,Ardee City,apartment,Individual,Moderate,Medium,Standard,1,0,0,0,0
5,2846.0,7.954021087278037,2.0,8.0,0.25,0,0,1,0,0,25580076.0,17.057324325181707,8988.08,2.558,0.882,10054.119189189189,10191.19,37,0.28,6.461,2.659,0.314,4.513,1.112,17.427,0,2,2,3.95,38.82,41.21,85.48,3.95,22.21,69.03,74.49,36,11000.572715809956,13.34,30.71,60.96,6.27,23.62,11.08,Gurgaon,Nirvana Country,apartment,Tier 1,Moderate,Medium,Luxury,1,0,0,0,0
5,2320.0,7.749753406274437,0.0,,,1,0,2,0,0,30295326.0,17.226504001154954,13058.33,3.03,1.088,11870.16054054054,12002.05,37,0.4,4.292,4.231,2.015,5.745,6.58,11.712,0,0,0,11.69,20.24,24.41,36.51,11.69,14.73,11.15,63.02,47,10937.253284940389,7.53,43.87,42.15,80.0,51.51,1.19,Gurgaon,Sector 15,apartment,Tier 2,Poor,Medium,XLarge,1,0,0,0,0
1,538.0,6.289715570908998,1.0,10.0,0.1,0,0,1,0,0,6605919.0,15.703476623277316,12278.66,0.661,0.891,13880.907631578948,13783.235,38,0.64,0.322,1.961,3.188,0.509,1.861,8.715,5,1,0,85.12,60.64,52.02,20.32,85.12,84.38,53.78,54.49,47,12174.359670335367,-6.37,55.52,90.0,9.54,64.6,29.82,Gurgaon,MG Road,builder_floor,Tier 2,Excellent,Medium,Compact,0,1,0,0,0
5,2611.0,7.867871490396322,,,,0,1,2,0,0,29224662.0,17.19052349981498,11192.9,2.922,1.098,10054.119189189189,10191.19,37,0.28,6.461,2.659,0.314,4.513,1.112,17.427,0,2,2,3.95,38.82,41.21,85.48,3.95,22.21,69.03,67.54,43,11223.359681792177,15.63,37.87,74.8,8.24,39.9,0.35,Gurgaon,Nirvana Country,penthouse,Tier 2,Moderate,Medium,Luxury,0,0,1,0,0
3,1639.0,7.402451520818244,5.0,20.0,0.25,0,0,2,1,0,14041641.0,16.457537830073843,8567.2,1.404,0.953,9056.841555555555,8990.96,45,0.16,1.99,1.674,2.225,4.041,5.75,12.744,1,2,0,36.97,37.34,57.23,32.88,36.97,26.0,14.71,73.52,47,10937.253284940389,27.73,52.19,61.17,70.76,64.86,2.05,Gurgaon,South City,apartment,Tier 2,Moderate,High,Large,1,0,0,0,0
4,1839.0,7.517520850603031,,,,0,1,1,0,0,22416454.0,16.925305800744262,12189.48,2.242,1.175,10604.037027027027,10376.18,37,0.32,4.226,0.736,1.015,0.627,6.105,14.375,0,2,2,12.09,48.7,78.24,60.2,12.09,81.13,13.07,68.27,47,10937.253284940389,10.68,50.75,84.75,13.54,64.6,11.13,Gurgaon,Sector 57,builder_floor,Tier 2,Good,High,XLarge,0,1,0,0,0
3,1611.0,7.385230923066573,5.0,20.0,0.25,0,0,0,0,0,18665932.0,16.742210602113943,11586.55,1.867,1.05,11140.001764705883,11038.335,34,0.36,0.678,4.481,5.684,0.139,0.0,6.231,2,0,0,71.24,52.47,22.45,5.83,71.24,95.49,100.0,62.92,55,10810.06286830001,1.85,38.35,13.21,70.0,33.29,57.0,Gurgaon,Udyog Vihar,villa,Tier 2,Good,Medium,Large,0,0,0,0,1
3,1603.0,7.38025578842646,,,,0,1,0,0,0,17803511.0,16.694906243002656,11106.37,1.78,1.176,9571.702413793104,9447.31,29,0.2,8.624,5.21,5.597,1.317,5.919,17.737,0,0,0,1.34,17.08,17.61,6.09,1.34,64.46,13.9,74.25,40,11155.323746176988,53.5,8.81,9.64,11.96,11.3,1.09,Gurgaon,New Gurgaon Sector 82,apartment,Tier 2,Poor,Medium,Large,1,0,0,0,0
3,1602.0,7.3796321526095525,3.0,15.0,0.2,0,0,1,0,1,34160696.0,17.34658630138434,21323.78,3.416,1.219,17908.36074074074,17494.05,27,0.72,3.391,2.113,0.784,2.225,6.009,12.699,0,2,2,18.35,39.87,49.45,67.55,18.35,47.63,13.49,40.15,46,11646.705001117241,-30.1,61.19,90.0,16.51,64.6,51.2,Gurgaon,DLF Phase 5,apartment,Individual,Moderate,Medium,Large,1,0,0,0,0
3,1622.0,7.392031567514591,1.0,10.0,0.1,0,0,0,1,0,27524707.0,17.13059459564806,16969.61,2.752,0.97,17908.36074074074,17494.05,27,0.72,3.391,2.113,0.784,2.225,6.009,12.699,0,2,2,18.35,39.87,49.45,67.55,18.35,47.63,13.49,54.89,41,10665.515724471146,-35.99,37.5,30.35,49.15,27.22,51.2,Gurgaon,DLF Phase 5,apartment,Tier 1,Moderate,Low,Large,1,0,0,0,0
2,1103.0,7.00669522683704,5.0,20.0,0.25,0,0,0,1,0,18031656.0,16.70763943788363,16347.83,1.803,1.186,13880.907631578948,13783.235,38,0.64,0.322,1.961,3.188,0.509,1.861,8.715,5,1,0,85.12,60.64,52.02,20.32,85.12,84.38,53.78,48.29,43,11223.359681792177,-13.69,38.0,15.45,70.0,28.78,57.0,Gurgaon,MG Road,apartment,Tier 2,Excellent,Medium,Standard,1,0,0,0,0
1,571.0,6.349138991379798,0.0,,,1,0,0,0,0,6310635.0,15.657746863368565,11051.9,0.631,0.921,11870.16054054054,12002.05,37,0.4,4.292,4.231,2.015,5.745,6.58,11.712,0,0,0,11.69,20.24,24.41,36.51,11.69,14.73,11.15,66.74,47,12174.359670335367,19.69,49.98,79.82,22.73,64.6,6.72,Gurgaon,Sector 15,studio,Tier 2,Poor,Medium,Compact,0,0,0,1,0
2,981.0,6.889591308354466,1.0,10.0,0.1,0,0,2,1,0,17246255.0,16.663105576422435,17580.28,1.725,1.005,17908.36074074074,17494.05,27,0.72,3.391,2.113,0.784,2.225,6.009,12.699,0,2,2,18.35,39.87,49.45,67.55,18.35,47.63,13.49,47.49,47,12174.359670335367,-26.93,23.13,29.08,14.8,36.91,3.84,Gurgaon,DLF Phase 5,apartment,Tier 2,Moderate,Low,Standard,1,0,0,0,0
3,1721.0,7.451241684987676,0.0,,,1,0,0,0,0,14887941.0,16.516062114373213,8650.75,1.489,0.962,9056.841555555555,8990.96,45,0.16,1.99,1.674,2.225,4.041,5.75,12.744,1,2,0,36.97,37.34,57.23,32.88,36.97,26.0,14.71,71.99,47,12174.359670335367,42.18,10.64,26.52,2.09,2.09,2.1,Gurgaon,South City,apartment,Tier 2,Moderate,Medium,Large,1,0,0,0,0
2,1049.0,6.956545443151569,1.0,10.0,0.1,0,0,0,0,0,9393302.0,16.05550744006206,8954.53,0.939,1.0,8876.151428571427,8954.53,35,0.08,5.491,1.986,0.895,4.49,2.122,16.417,0,3,2,6.42,35.9,51.58,63.92,6.42,22.39,49.3,77.67,35,11530.874778105072,35.21,28.69,35.16,5.13,49.89,14.42,Gurgaon,Ardee City,apartment,Tier 1,Moderate,Medium,Standard,1,0,0,0,0
3,1385.0,7.234177179749849,1.0,10.0,0.1,0,0,0,0,0,12053544.0,16.30486928254351,8702.92,1.205,0.875,9934.9616,9941.35,25,0.24,7.849,3.528,1.632,4.865,0.387,18.86,0,0,2,1.98,28.9,30.85,44.23,1.98,19.75,87.91,74.25,40,11155.323746176988,20.07,46.64,84.94,12.69,37.64,24.84,Gurgaon,Sohna Road,studio,Tier 2,Moderate,High,Large,0,0,0,1,0
5,2294.0,7.738488122494646,,,,0,1,1,0,0,50425836.0,17.736014220744956,21981.62,5.043,1.037,21315.337419354837,21194.36,31,0.88,3.813,1.388,1.408,0.348,5.601,14.303,0,3,3,14.86,45.0,62.97,49.46,14.86,89.06,15.46,49.75,40,11155.323746176988,-38.42,54.22,74.23,57.47,64.3,3.36,Gurgaon,Golf Course Road,apartment,Tier 2,Good,Medium,XLarge,1,0,0,0,0
1,500.0,6.2166061010848646,5.0,20.0,0.25,0,0,1,1,0,6363780.0,15.666133098389103,12727.56,0.636,1.062,12158.14806451613,11985.0,31,0.48,5.905,2.006,0.225,4.301,1.56,16.926,0,2,2,5.22,41.77,51.24,89.36,5.22,23.84,59.45,60.17,35,11530.874778105072,-1.86,20.3,54.75,0.98,2.76,1.25,Gurgaon,Sector 48,apartment,Tier 1,Moderate,Low,Micro,1,0,0,0,0
3,1703.0,7.440733707389261,5.0,20.0,0.25,0,0,1,1,0,16974295.0,16.647210698882358,9967.29,1.697,1.109,9056.841555555555,8990.96,45,0.16,1.99,1.674,2.225,4.041,5.75,12.744,1,2,0,36.97,37.34,57.23,32.88,36.97,26.0,14.71,73.52,47,10937.253284940389,27.73,16.46,20.28,10.06,26.59,3.49,Gurgaon,South City,apartment,Tier 2,Moderate,Medium,Large,1,0,0,0,0
2,1112.0,7.014814351275545,7.0,12.0,0.5833333333333334,0,0,1,0,0,12001505.0,16.300542616554928,10792.72,1.2,1.059,10054.119189189189,10191.19,37,0.28,6.461,2.659,0.314,4.513,1.112,17.427,0,2,2,3.95,38.82,41.21,85.48,3.95,22.21,69.03,68.27,47,10937.253284940389,12.69,54.08,90.0,9.31,64.6,22.82,Gurgaon,Nirvana Country,apartment,Tier 2,Moderate,High,Standard,1,0,0,0,0
4,2273.0,7.729295674310482,1.0,10.0,0.1,0,0,2,0,0,40174207.0,17.508735730749606,17674.53,4.017,1.004,17880.592666666667,17599.635000000002,30,0.68,0.011,3.814,5.019,0.659,0.0,6.889,4,0,0,99.45,60.51,28.05,8.13,99.45,80.27,100.0,47.49,47,12174.359670335367,-23.91,11.93,18.98,6.77,15.68,0.07,Gurgaon,Cyber City,apartment,Tier 2,Excellent,Low,XLarge,1,0,0,0,0
2,1055.0,6.962243464266207,3.0,15.0,0.2,0,0,1,0,0,13897663.0,16.44723125446917,13173.14,1.39,0.956,13880.907631578948,13783.235,38,0.64,0.322,1.961,3.188,0.509,1.861,8.715,5,1,0,85.12,60.64,52.02,20.32,85.12,84.38,53.78,52.61,31,10995.311570656313,-15.44,23.41,60.8,2.23,4.57,2.71,Gurgaon,MG Road,builder_floor,Tier 1,Excellent,Low,Standard,0,1,0,0,0
3,1548.0,7.3453648404168685,3.0,15.0,0.2,0,0,0,1,0,15292197.0,16.54285325626843,9878.68,1.529,0.952,10604.037027027027,10376.18,37,0.32,4.226,0.736,1.015,0.627,6.105,14.375,0,2,2,12.09,48.7,78.24,60.2,12.09,81.13,13.07,71.86,31,10995.311570656313,11.27,25.97,60.8,4.62,12.69,2.95,Gurgaon,Sector 57,apartment,Tier 1,Good,Medium,Large,1,0,0,0,0
4,1888.0,7.543802867501509,0.0,,,1,0,0,1,0,18933204.0,16.756427764014024,10028.18,1.893,0.908,11140.001764705883,11038.335,34,0.36,0.678,4.481,5.684,0.139,0.0,6.231,2,0,0,71.24,52.47,22.45,5.83,71.24,95.49,100.0,67.17,35,11530.874778105072,8.64,39.48,29.24,70.0,20.02,51.2,Gurgaon,Udyog Vihar,apartment,Tier 1,Good,Medium,XLarge,1,0,0,0,0
4,1997.0,7.599901959208498,0.0,,,1,0,2,0,0,30583296.0,17.235964535521653,15314.62,3.058,0.87,17880.592666666667,17599.635000000002,30,0.68,0.011,3.814,5.019,0.659,0.0,6.889,4,0,0,99.45,60.51,28.05,8.13,99.45,80.27,100.0,48.92,55,10810.06286830001,-32.44,5.48,5.4,9.91,6.02,0.53,Gurgaon,Cyber City,villa,Tier 2,Excellent,Low,XLarge,0,0,0,0,1
3,1545.0,7.343426229147367,,,,0,1,0,1,0,16366479.0,16.610745837635786,10593.19,1.637,0.96,11140.001764705883,11038.335,34,0.36,0.678,4.481,5.684,0.139,0.0,6.231,2,0,0,71.24,52.47,22.45,5.83,71.24,95.49,100.0,61.74,37,10965.891705343245,3.32,27.78,29.6,43.2,34.88,0.31,Gurgaon,Udyog Vihar,apartment,Tier 2,Good,Medium,Large,1,0,0,0,0
3,1390.0,7.237778191923443,1.0,10.0,0.1,0,0,1,0,0,14874237.0,16.515141213962732,10700.89,1.487,0.899,11889.318,11904.240000000002,30,0.44,4.863,0.098,1.334,1.098,6.317,14.811,0,1,2,8.79,48.72,96.79,51.32,8.79,69.34,12.18,60.17,35,11530.874778105072,-0.23,23.33,60.8,1.77,5.43,1.68,Gurgaon,Sector 56,apartment,Tier 1,Good,Medium,Large,1,0,0,0,0
3,1449.0,7.27931883541462,0.0,,,1,0,0,1,0,30309400.0,17.226968453391006,20917.46,3.031,1.189,17880.592666666667,17599.635000000002,30,0.68,0.011,3.814,5.019,0.659,0.0,6.889,4,0,0,99.45,60.51,28.05,8.13,99.45,80.27,100.0,47.74,37,10965.891705343245,-31.46,49.26,58.54,80.0,49.46,2.02,Gurgaon,Cyber City,apartment,Tier 2,Excellent,Medium,Large,1,0,0,0,0
4,2159.0,7.67786350067821,0.0,,,1,0,0,0,0,27619569.0,17.134035101189344,12792.76,2.762,1.067,12158.14806451613,11985.0,31,0.48,5.905,2.006,0.225,4.301,1.56,16.926,0,2,2,5.22,41.77,51.24,89.36,5.22,23.84,59.45,55.29,43,11223.359681792177,-4.48,35.27,28.93,80.0,36.09,0.62,Gurgaon,Sector 48,studio,Tier 2,Moderate,Medium,XLarge,0,0,0,1,0
3,1681.0,7.427738840532894,2.0,8.0,0.25,0,0,0,0,0,18308880.0,16.72289674601957,10891.66,1.831,0.907,11870.16054054054,12002.05,37,0.4,4.292,4.231,2.015,5.745,6.58,11.712,0,0,0,11.69,20.24,24.41,36.51,11.69,14.73,11.15,62.92,55,10810.06286830001,6.28,53.16,90.0,18.62,64.6,8.92,Gurgaon,Sector 15,apartment,Tier 2,Poor,High,Large,1,0,0,0,0
1,600.0,6.398594934535208,1.0,10.0,0.1,0,0,0,0,0,6082950.0,15.621000333640588,10138.25,0.608,1.02,9934.9616,9941.35,25,0.24,7.849,3.528,1.632,4.865,0.387,18.86,0,0,2,1.98,28.9,30.85,44.23,1.98,19.75,87.91,68.27,47,10937.253284940389,17.72,44.7,74.8,18.95,57.47,1.83,Gurgaon,Sohna Road,penthouse,Tier 2,Moderate,High,Compact,0,0,1,0,0
4,2360.0,7.766840537085513,10.0,14.0,0.7142857142857143,0,0,1,1,1,44664746.0,17.61469506832255,18925.74,4.466,0.893,21315.337419354837,21194.36,31,0.88,3.813,1.388,1.408,0.348,5.601,14.303,0,3,3,14.86,45.0,62.97,49.46,14.86,89.06,15.46,40.15,46,11646.705001117241,-35.71,43.81,46.6,31.92,43.51,51.2,Gurgaon,Golf Course Road,villa,Individual,Good,Low,XLarge,0,0,0,0,1
3,1639.0,7.402451520818244,,,,0,1,0,0,0,34708054.0,17.362482321731576,21176.36,3.471,0.999,21315.337419354837,21194.36,31,0.88,3.813,1.388,1.408,0.348,5.601,14.303,0,3,3,14.86,45.0,62.97,49.46,14.86,89.06,15.46,49.02,47,10937.253284940389,-39.62,43.52,42.14,70.0,18.11,51.2,Gurgaon,Golf Course Road,apartment,Tier 2,Good,Low,Large,1,0,0,0,0
3,1540.0,7.340186835320115,0.0,,,1,0,2,0,0,15852052.0,16.578809513630258,10293.54,1.585,1.035,9934.9616,9941.35,25,0.24,7.849,3.528,1.632,4.865,0.387,18.86,0,0,2,1.98,28.9,30.85,44.23,1.98,19.75,87.91,66.99,37,10965.891705343245,18.03,14.34,10.01,39.51,11.36,0.49,Gurgaon,Sohna Road,studio,Tier 2,Moderate,Medium,Large,0,0,0,1,0
2,1091.0,6.9957661563048505,,,,0,1,0,0,0,9590708.0,16.076305271037572,8790.75,0.959,0.982,8876.151428571427,8954.53,35,0.08,5.491,1.986,0.895,4.49,2.122,16.417,0,3,2,6.42,35.9,51.58,63.92,6.42,22.39,49.3,74.25,40,11155.323746176988,30.81,18.3,13.45,46.69,16.71,0.4,Gurgaon,Ardee City,apartment,Tier 2,Moderate,Medium,Standard,1,0,0,0,0
3,1704.0,7.4413203897176174,5.0,20.0,0.25,0,0,0,0,0,16454114.0,16.61608609509348,9656.17,1.645,1.022,9571.702413793104,9447.31,29,0.2,8.624,5.21,5.597,1.317,5.919,17.737,0,0,0,1.34,17.08,17.61,6.09,1.34,64.46,13.9,72.79,43,11223.359681792177,54.44,38.94,51.35,20.78,63.13,5.15,Gurgaon,New Gurgaon Sector 82,apartment,Tier 2,Poor,High,Large,1,0,0,0,0
2,936.0,6.842683282238422,,,,0,1,0,0,0,12695773.0,16.356779661381406,13563.86,1.27,1.139,11889.318,11904.240000000002,30,0.44,4.863,0.098,1.334,1.098,6.317,14.811,0,1,2,8.79,48.72,96.79,51.32,8.79,69.34,12.18,56.75,40,11155.323746176988,-3.48,41.73,44.27,14.04,52.75,51.2,Gurgaon,Sector 56,villa,Tier 2,Good,Medium,Standard,0,0,0,0,1
3,1534.0,7.336285660021297,10.0,14.0,0.7142857142857143,0,0,2,0,0,19405345.0,16.78105910155006,12650.16,1.941,1.146,11140.001764705883,11038.335,34,0.36,0.678,4.481,5.684,0.139,0.0,6.231,2,0,0,71.24,52.47,22.45,5.83,71.24,95.49,100.0,62.92,55,10810.06286830001,1.85,46.84,90.0,7.8,47.14,10.0,Gurgaon,Udyog Vihar,builder_floor,Tier 2,Good,Medium,Large,0,1,0,0,0
2,1152.0,7.050122520269059,3.0,15.0,0.2,0,0,0,0,0,15061317.0,16.52764022671168,13074.06,1.506,1.091,12158.14806451613,11985.0,31,0.48,5.905,2.006,0.225,4.301,1.56,16.926,0,2,2,5.22,41.77,51.24,89.36,5.22,23.84,59.45,56.02,47,10937.253284940389,-6.92,26.75,31.76,33.19,34.13,2.34,Gurgaon,Sector 48,builder_floor,Tier 2,Moderate,Medium,Standard,0,1,0,0,0
3,1523.0,7.329093736246592,10.0,14.0,0.7142857142857143,0,0,2,1,0,28520109.0,17.16611997538245,18726.27,2.852,1.07,17908.36074074074,17494.05,27,0.72,3.391,2.113,0.784,2.225,6.009,12.699,0,2,2,18.35,39.87,49.45,67.55,18.35,47.63,13.49,47.74,37,10965.891705343245,-34.18,21.99,18.93,47.54,23.16,0.34,Gurgaon,DLF Phase 5,apartment,Tier 2,Moderate,Low,Large,1,0,0,0,0
5,2679.0,7.893572073504902,3.0,15.0,0.2,0,0,2,1,0,50318398.0,17.733881333601662,18782.53,5.032,1.067,17880.592666666667,17599.635000000002,30,0.68,0.011,3.814,5.019,0.659,0.0,6.889,4,0,0,99.45,60.51,28.05,8.13,99.45,80.27,100.0,47.25,42,10981.949143260465,-31.36,6.51,6.74,10.38,7.72,0.72,Gurgaon,Cyber City,apartment,Tier 2,Excellent,Low,Luxury,1,0,0,0,0
1,538.0,6.289715570908998,,,,0,1,0,1,0,5612470.0,15.54050146580678,10432.1,0.561,0.876,11889.318,11904.240000000002,30,0.44,4.863,0.098,1.334,1.098,6.317,14.811,0,1,2,8.79,48.72,96.79,51.32,8.79,69.34,12.18,55.92,55,10810.06286830001,-6.47,31.48,25.44,80.0,25.48,1.04,Gurgaon,Sector 56,villa,Tier 2,Good,Medium,Compact,0,0,0,0,1
5,2388.0,7.77863014732581,3.0,15.0,0.2,0,0,1,0,0,21066148.0,16.863177949892727,8821.67,2.107,0.981,9056.841555555555,8990.96,45,0.16,1.99,1.674,2.225,4.041,5.75,12.744,1,2,0,36.97,37.34,57.23,32.88,36.97,26.0,14.71,73.42,55,10810.06286830001,26.24,52.61,70.73,80.0,45.45,2.47,Gurgaon,South City,apartment,Tier 2,Moderate,High,XLarge,1,0,0,0,0
2,1009.0,6.917705609835305,5.0,20.0,0.25,0,0,0,0,0,12006626.0,16.30096922203102,11899.53,1.201,0.863,13880.907631578948,13783.235,38,0.64,0.322,1.961,3.188,0.509,1.861,8.715,5,1,0,85.12,60.64,52.02,20.32,85.12,84.38,53.78,47.25,42,10981.949143260465,-15.54,39.43,10.18,70.0,41.88,57.0,Gurgaon,MG Road,apartment,Tier 2,Excellent,Medium,Standard,1,0,0,0,0
4,2001.0,7.601901959875166,1.0,10.0,0.1,0,0,1,0,0,35791807.0,17.39322957043108,17886.96,3.579,1.016,17880.592666666667,17599.635000000002,30,0.68,0.011,3.814,5.019,0.659,0.0,6.889,4,0,0,99.45,60.51,28.05,8.13,99.45,80.27,100.0,48.29,43,11223.359681792177,-29.85,43.85,48.4,44.0,31.47,51.2,Gurgaon,Cyber City,apartment,Tier 2,Excellent,Medium,XLarge,1,0,0,0,0
3,1362.0,7.217443431696533,3.0,15.0,0.2,0,0,2,1,0,17335917.0,16.668291034461905,12728.28,1.734,1.062,12158.14806451613,11985.0,31,0.48,5.905,2.006,0.225,4.301,1.56,16.926,0,2,2,5.22,41.77,51.24,89.36,5.22,23.84,59.45,54.74,37,10965.891705343245,-6.67,5.64,5.84,8.86,6.75,0.66,Gurgaon,Sector 48,apartment,Tier 2,Moderate,Low,Large,1,0,0,0,0
3,1361.0,7.216709486709457,3.0,15.0,0.2,0,0,0,1,0,13284612.0,16.402116930878268,9760.92,1.328,0.941,10604.037027027027,10376.18,37,0.32,4.226,0.736,1.015,0.627,6.105,14.375,0,2,2,12.09,48.7,78.24,60.2,12.09,81.13,13.07,66.99,37,10965.891705343245,10.97,19.07,23.53,6.32,32.89,6.73,Gurgaon,Sector 57,penthouse,Tier 2,Good,Medium,Large,0,0,1,0,0
3,1724.0,7.45298232946546,,,,0,1,1,0,0,21497694.0,16.88345623153162,12469.66,2.15,1.202,10604.037027027027,10376.18,37,0.32,4.226,0.736,1.015,0.627,6.105,14.375,0,2,2,12.09,48.7,78.24,60.2,12.09,81.13,13.07,71.99,47,12174.359670335367,23.2,7.79,20.06,1.12,1.26,1.13,Gurgaon,Sector 57,apartment,Tier 2,Good,Low,Large,1,0,0,0,0
4,1964.0,7.583247524303362,5.0,20.0,0.25,0,0,2,0,0,21681460.0,16.891968075441703,11039.44,2.168,1.083,10054.119189189189,10191.19,37,0.28,6.461,2.659,0.314,4.513,1.112,17.427,0,2,2,3.95,38.82,41.21,85.48,3.95,22.21,69.03,69.0,40,11155.323746176988,14.93,43.58,42.88,67.44,19.36,51.2,Gurgaon,Nirvana Country,studio,Tier 2,Moderate,Medium,XLarge,0,0,0,1,0
2,1055.0,6.962243464266207,7.0,12.0,0.5833333333333334,0,0,0,1,0,13187099.0,16.3947495611553,12499.62,1.319,1.05,11889.318,11904.240000000002,30,0.44,4.863,0.098,1.334,1.098,6.317,14.811,0,1,2,8.79,48.72,96.79,51.32,8.79,69.34,12.18,55.92,55,10810.06286830001,-6.47,49.28,74.8,27.27,70.0,0.73,Gurgaon,Sector 56,apartment,Tier 2,Good,Medium,Standard,1,0,0,0,0
2,990.0,6.898714534329988,7.0,12.0,0.5833333333333334,0,0,1,0,0,11500276.0,16.257881593045482,11616.44,1.15,0.968,11870.16054054054,12002.05,37,0.4,4.292,4.231,2.015,5.745,6.58,11.712,0,0,0,11.69,20.24,24.41,36.51,11.69,14.73,11.15,62.92,55,10810.06286830001,6.28,37.84,19.77,70.0,22.07,57.0,Gurgaon,Sector 15,builder_floor,Tier 2,Poor,Medium,Standard,0,1,0,0,0
3,1773.0,7.480992162869525,7.0,12.0,0.5833333333333334,0,0,1,1,0,25058341.0,17.03671730412349,14133.3,2.506,1.179,12158.14806451613,11985.0,31,0.48,5.905,2.006,0.225,4.301,1.56,16.926,0,2,2,5.22,41.77,51.24,89.36,5.22,23.84,59.45,62.24,36,11000.572715809956,-6.38,23.8,49.56,6.75,13.0,9.27,Gurgaon,Sector 48,apartment,Tier 1,Moderate,Medium,Large,1,0,0,0,0
4,1956.0,7.579167967396076,7.0,12.0,0.5833333333333334,0,0,1,1,1,21440401.0,16.880787597350178,10961.35,2.144,0.915,12158.14806451613,11985.0,31,0.48,5.905,2.006,0.225,4.301,1.56,16.926,0,2,2,5.22,41.77,51.24,89.36,5.22,23.84,59.45,47.15,46,11646.705001117241,-0.88,47.72,74.8,22.09,67.11,1.74,Gurgaon,Sector 48,apartment,Individual,Moderate,Medium,XLarge,1,0,0,0,0
3,1543.0,7.342131730584722,1.0,10.0,0.1,0,0,0,0,0,16745500.0,16.63364012342425,10852.56,1.675,1.092,9934.9616,9941.35,25,0.24,7.849,3.528,1.632,4.865,0.387,18.86,0,0,2,1.98,28.9,30.85,44.23,1.98,19.75,87.91,68.17,55,10810.06286830001,16.35,51.33,54.23,80.0,64.27,1.43,Gurgaon,Sohna Road,apartment,Tier 2,Moderate,High,Large,1,0,0,0,0
3,1743.0,7.463936604468925,10.0,14.0,0.7142857142857143,0,0,0,1,0,13899902.0,16.447392347716352,7974.7,1.39,0.887,9056.841555555555,8990.96,45,0.16,1.99,1.674,2.225,4.041,5.75,12.744,1,2,0,36.97,37.34,57.23,32.88,36.97,26.0,14.71,79.39,41,10665.515724471146,24.56,54.4,70.96,78.93,52.91,2.73,Gurgaon,South City,apartment,Tier 1,Moderate,High,Large,1,0,0,0,0
2,1153.0,7.050989447068045,,,,0,1,0,0,1,14574185.0,16.49476237097014,12640.23,1.457,1.053,11870.16054054054,12002.05,37,0.4,4.292,4.231,2.015,5.745,6.58,11.712,0,0,0,11.69,20.24,24.41,36.51,11.69,14.73,11.15,59.4,46,11646.705001117241,14.51,56.85,89.03,21.79,49.71,44.51,Gurgaon,Sector 15,apartment,Individual,Poor,High,Standard,1,0,0,0,0
4,1912.0,7.556427969440253,,,,0,1,2,1,0,16149001.0,16.597368748134542,8446.13,1.615,0.939,9056.841555555555,8990.96,45,0.16,1.99,1.674,2.225,4.041,5.75,12.744,1,2,0,36.97,37.34,57.23,32.88,36.97,26.0,14.71,79.39,41,10665.515724471146,24.56,34.27,40.33,48.94,39.57,2.35,Gurgaon,South City,studio,Tier 1,Moderate,Medium,XLarge,0,0,0,1,0
2,1141.0,7.040536390215956,2.0,8.0,0.25,0,0,0,1,0,11364155.0,16.245974661426732,9959.82,1.136,1.112,8876.151428571427,8954.53,35,0.08,5.491,1.986,0.895,4.49,2.122,16.417,0,3,2,6.42,35.9,51.58,63.92,6.42,22.39,49.3,72.24,37,10965.891705343245,28.59,23.11,60.8,1.54,4.72,1.72,Gurgaon,Ardee City,builder_floor,Tier 2,Moderate,Medium,Standard,0,1,0,0,0
3,1556.0,7.350516171833998,5.0,20.0,0.25,0,0,0,1,1,20059532.0,16.814215010215946,12891.73,2.006,1.168,11140.001764705883,11038.335,34,0.36,0.678,4.481,5.684,0.139,0.0,6.231,2,0,0,71.24,52.47,22.45,5.83,71.24,95.49,100.0,54.15,46,11646.705001117241,9.73,25.44,60.8,3.96,11.23,2.82,Gurgaon,Udyog Vihar,apartment,Individual,Good,Medium,Large,1,0,0,0,0
1,522.0,6.259581464064923,7.0,12.0,0.5833333333333334,0,0,0,0,0,5146957.0,15.453916224218801,9860.07,0.515,0.893,11140.001764705883,11038.335,34,0.36,0.678,4.481,5.684,0.139,0.0,6.231,2,0,0,71.24,52.47,22.45,5.83,71.24,95.49,100.0,62.92,55,10810.06286830001,1.85,36.83,67.98,10.64,43.46,0.22,Gurgaon,Udyog Vihar,apartment,Tier 2,Good,Medium,Compact,1,0,0,0,0
2,940.0,6.846943139585379,1.0,10.0,0.1,0,0,1,0,0,16980602.0,16.64758219169369,18064.47,1.698,1.033,17908.36074074074,17494.05,27,0.72,3.391,2.113,0.784,2.225,6.009,12.699,0,2,2,18.35,39.87,49.45,67.55,18.35,47.63,13.49,47.25,42,10981.949143260465,-34.09,21.43,26.89,10.26,35.97,4.85,Gurgaon,DLF Phase 5,apartment,Tier 2,Moderate,Low,Standard,1,0,0,0,0
2,924.0,6.829793737512425,5.0,20.0,0.25,0,0,0,0,0,10422295.0,16.159457819558284,11279.54,1.042,1.107,10054.119189189189,10191.19,37,0.28,6.461,2.659,0.314,4.513,1.112,17.427,0,2,2,3.95,38.82,41.21,85.48,3.95,22.21,69.03,69.0,40,11155.323746176988,14.93,34.61,42.88,37.62,48.07,0.31,Gurgaon,Nirvana Country,builder_floor,Tier 2,Moderate,Medium,Standard,0,1,0,0,0
2,1118.0,7.020190708311925,7.0,12.0,0.5833333333333334,0,0,0,1,0,24004891.0,16.993768159216184,21471.28,2.4,1.013,21315.337419354837,21194.36,31,0.88,3.813,1.388,1.408,0.348,5.601,14.303,0,3,3,14.86,45.0,62.97,49.46,14.86,89.06,15.46,54.89,41,10665.515724471146,-41.12,42.83,74.8,11.83,56.81,0.4,Gurgaon,Golf Course Road,villa,Tier 1,Good,Low,Standard,0,0,0,0,1
3,1573.0,7.3613754289773485,1.0,10.0,0.1,0,0,2,1,0,19035455.0,16.761813850849016,12101.37,1.904,1.166,10604.037027027027,10376.18,37,0.32,4.226,0.736,1.015,0.627,6.105,14.375,0,2,2,12.09,48.7,78.24,60.2,12.09,81.13,13.07,71.99,47,12174.359670335367,23.2,39.11,53.83,11.48,64.6,9.13,Gurgaon,Sector 57,studio,Tier 2,Good,Medium,Large,0,0,0,1,0
2,1031.0,6.939253946041508,5.0,20.0,0.25,0,0,1,0,1,15004298.0,16.523847251356983,14553.15,1.5,1.056,13880.907631578948,13783.235,38,0.64,0.322,1.961,3.188,0.509,1.861,8.715,5,1,0,85.12,60.64,52.02,20.32,85.12,84.38,53.78,40.15,46,11646.705001117241,-10.43,38.75,11.51,70.0,37.29,57.0,Gurgaon,MG Road,apartment,Individual,Excellent,Medium,Standard,1,0,0,0,0
2,1119.0,7.02108396428914,,,,0,1,0,0,0,11990163.0,16.29959712157351,10715.07,1.199,0.971,11140.001764705883,11038.335,34,0.36,0.678,4.481,5.684,0.139,0.0,6.231,2,0,0,71.24,52.47,22.45,5.83,71.24,95.49,100.0,62.92,55,10810.06286830001,1.85,28.74,60.03,7.04,21.84,4.33,Gurgaon,Udyog Vihar,apartment,Tier 2,Good,Medium,Standard,1,0,0,0,0
2,1130.0,7.030857476116121,,,,0,1,2,0,1,12030093.0,16.302921818594296,10646.1,1.203,0.887,11870.16054054054,12002.05,37,0.4,4.292,4.231,2.015,5.745,6.58,11.712,0,0,0,11.69,20.24,24.41,36.51,11.69,14.73,11.15,59.4,46,11646.705001117241,14.51,46.14,90.0,8.06,38.88,16.53,Gurgaon,Sector 15,apartment,Individual,Poor,Medium,Standard,1,0,0,0,0
2,948.0,6.855408798609928,10.0,14.0,0.7142857142857143,0,0,0,1,0,10684500.0,16.184304651068654,11270.57,1.068,0.94,12158.14806451613,11985.0,31,0.48,5.905,2.006,0.225,4.301,1.56,16.926,0,2,2,5.22,41.77,51.24,89.36,5.22,23.84,59.45,55.92,55,10810.06286830001,-8.0,24.37,60.8,2.16,8.18,3.05,Gurgaon,Sector 48,builder_floor,Tier 2,Moderate,Medium,Standard,0,1,0,0,0
2,1083.0,6.988413181999592,0.0,,,1,0,0,0,0,16665312.0,16.62883999142091,15388.1,1.667,1.116,13880.907631578948,13783.235,38,0.64,0.322,1.961,3.188,0.509,1.861,8.715,5,1,0,85.12,60.64,52.02,20.32,85.12,84.38,53.78,48.92,55,10810.06286830001,-16.87,3.62,3.49,6.73,3.91,0.36,Gurgaon,MG Road,builder_floor,Tier 2,Excellent,Low,Standard,0,1,0,0,0
1,470.0,6.154858094016418,10.0,14.0,0.7142857142857143,0,0,1,0,0,3855278.0,15.164953676516951,8202.72,0.386,0.996,8250.613823529411,8231.880000000001,34,0.04,3.168,7.658,4.866,5.845,5.707,8.681,0,0,0,20.51,13.49,7.79,8.78,20.51,14.25,14.92,73.42,55,10810.06286830001,36.57,23.18,46.91,7.11,19.05,2.87,Gurgaon,Palam Vihar,builder_floor,Tier 2,Poor,Medium,Micro,0,1,0,0,0
3,1688.0,7.4318919168078,3.0,15.0,0.2,0,0,2,1,0,15502204.0,16.556492765329317,9183.77,1.55,1.021,9056.841555555555,8990.96,45,0.16,1.99,1.674,2.225,4.041,5.75,12.744,1,2,0,36.97,37.34,57.23,32.88,36.97,26.0,14.71,79.74,36,11000.572715809956,28.47,7.49,7.45,13.49,8.19,0.68,Gurgaon,South City,builder_floor,Tier 1,Moderate,Medium,Large,0,1,0,0,0
3,1646.0,7.4067107301776405,10.0,14.0,0.7142857142857143,0,0,2,0,0,18371599.0,16.72631649749682,11161.36,1.837,1.011,11140.001764705883,11038.335,34,0.36,0.678,4.481,5.684,0.139,0.0,6.231,2,0,0,71.24,52.47,22.45,5.83,71.24,95.49,100.0,63.75,40,11155.323746176988,5.1,28.24,36.11,12.65,47.84,5.58,Gurgaon,Udyog Vihar,apartment,Tier 2,Good,Medium,Large,1,0,0,0,0
3,1780.0,7.484930283289661,7.0,12.0,0.5833333333333334,0,0,0,1,0,22927557.0,16.947850107509627,12880.65,2.293,1.075,12158.14806451613,11985.0,31,0.48,5.905,2.006,0.225,4.301,1.56,16.926,0,2,2,5.22,41.77,51.24,89.36,5.22,23.84,59.45,54.25,42,10981.949143260465,-6.54,11.63,13.22,13.92,15.68,1.51,Gurgaon,Sector 48,villa,Tier 2,Moderate,Low,Large,0,0,0,0,1
3,1381.0,7.231287004327616,2.0,8.0,0.25,0,0,2,0,0,17387757.0,16.671276895837888,12590.7,1.739,1.141,11140.001764705883,11038.335,34,0.36,0.678,4.481,5.684,0.139,0.0,6.231,2,0,0,71.24,52.47,22.45,5.83,71.24,95.49,100.0,61.25,42,10981.949143260465,3.47,40.19,74.8,13.18,44.19,1.64,Gurgaon,Udyog Vihar,apartment,Tier 2,Good,Medium,Large,1,0,0,0,0
2,917.0,6.822197390620491,5.0,20.0,0.25,0,0,0,0,1,11491202.0,16.257092257060112,12531.3,1.149,1.208,10604.037027027027,10376.18,37,0.32,4.226,0.736,1.015,0.627,6.105,14.375,0,2,2,12.09,48.7,78.24,60.2,12.09,81.13,13.07,59.4,46,11646.705001117241,17.86,51.56,74.8,39.17,68.33,2.32,Gurgaon,Sector 57,builder_floor,Individual,Good,High,Standard,0,1,0,0,0
4,1969.0,7.585788821732034,2.0,8.0,0.25,0,0,1,0,1,16264550.0,16.604498450737722,8260.31,1.626,1.003,8250.613823529411,8231.880000000001,34,0.04,3.168,7.658,4.866,5.845,5.707,8.681,0,0,0,20.51,13.49,7.79,8.78,20.51,14.25,14.92,64.65,46,11646.705001117241,47.14,54.14,90.0,25.34,64.6,7.09,Gurgaon,Palam Vihar,apartment,Individual,Poor,High,XLarge,1,0,0,0,0
3,1468.0,7.292337176173877,0.0,,,1,0,2,0,0,29439301.0,17.197841108336554,20054.02,2.944,1.139,17880.592666666667,17599.635000000002,30,0.68,0.011,3.814,5.019,0.659,0.0,6.889,4,0,0,99.45,60.51,28.05,8.13,99.45,80.27,100.0,48.92,55,10810.06286830001,-32.44,49.95,65.48,32.44,41.22,51.2,Gurgaon,Cyber City,apartment,Tier 2,Excellent,Medium,Large,1,0,0,0,0
3,1461.0,7.2875606403097235,3.0,15.0,0.2,0,0,2,1,0,17831841.0,16.69649623745358,12205.23,1.783,1.106,11140.001764705883,11038.335,34,0.36,0.678,4.481,5.684,0.139,0.0,6.231,2,0,0,71.24,52.47,22.45,5.83,71.24,95.49,100.0,69.24,36,11000.572715809956,3.64,47.57,74.8,19.05,70.0,0.38,Gurgaon,Udyog Vihar,penthouse,Tier 1,Good,Medium,Large,0,0,1,0,0
1,586.0,6.375024819828097,5.0,20.0,0.25,0,0,1,0,0,5300399.0,15.483292658707594,9045.05,0.53,1.01,8876.151428571427,8954.53,35,0.08,5.491,1.986,0.895,4.49,2.122,16.417,0,3,2,6.42,35.9,51.58,63.92,6.42,22.39,49.3,73.42,55,10810.06286830001,26.76,58.67,90.0,16.15,64.6,38.97,Gurgaon,Ardee City,penthouse,Tier 2,Moderate,High,Compact,0,0,1,0,0
2,975.0,6.883462586413092,1.0,10.0,0.1,0,0,0,1,0,12945787.0,16.3762809649938,13277.73,1.295,1.106,11870.16054054054,12002.05,37,0.4,4.292,4.231,2.015,5.745,6.58,11.712,0,0,0,11.69,20.24,24.41,36.51,11.69,14.73,11.15,69.24,36,11000.572715809956,8.15,12.51,29.39,3.54,3.17,3.6,Gurgaon,Sector 15,villa,Tier 1,Poor,Low,Standard,0,0,0,0,1
2,982.0,6.890609120147166,7.0,12.0,0.5833333333333334,0,0,1,1,0,9863355.0,16.10433693239394,10044.15,0.986,0.91,11140.001764705883,11038.335,34,0.36,0.678,4.481,5.684,0.139,0.0,6.231,2,0,0,71.24,52.47,22.45,5.83,71.24,95.49,100.0,62.92,55,10810.06286830001,1.85,55.32,75.23,66.16,60.53,3.1,Gurgaon,Udyog Vihar,apartment,Tier 2,Good,High,Standard,1,0,0,0,0
2,1128.0,7.029087564149662,3.0,15.0,0.2,0,0,1,0,0,21097446.0,16.864662548466015,18703.41,2.11,0.882,21315.337419354837,21194.36,31,0.88,3.813,1.388,1.408,0.348,5.601,14.303,0,3,3,14.86,45.0,62.97,49.46,14.86,89.06,15.46,54.89,41,10665.515724471146,-41.12,46.43,58.8,33.8,35.42,51.2,Gurgaon,Golf Course Road,builder_floor,Tier 1,Good,Low,Standard,0,1,0,0,0
3,1552.0,7.347943823148687,,,,0,1,1,0,0,24577162.0,17.017328195712825,15835.8,2.458,1.149,13880.907631578948,13783.235,38,0.64,0.322,1.961,3.188,0.509,1.861,8.715,5,1,0,85.12,60.64,52.02,20.32,85.12,84.38,53.78,54.89,41,10665.515724471146,-17.98,12.17,8.68,31.84,10.78,0.33,Gurgaon,MG Road,apartment,Tier 1,Excellent,Low,Large,1,0,0,0,0
3,1700.0,7.438971592395862,0.0,,,1,0,1,0,0,23506563.0,16.972790216719684,13827.39,2.351,1.003,13880.907631578948,13783.235,38,0.64,0.322,1.961,3.188,0.509,1.861,8.715,5,1,0,85.12,60.64,52.02,20.32,85.12,84.38,53.78,47.74,37,10965.891705343245,-15.67,6.83,5.71,16.72,5.64,0.38,Gurgaon,MG Road,penthouse,Tier 2,Excellent,Low,Large,0,0,1,0,0
3,1379.0,7.22983877815125,3.0,15.0,0.2,0,0,1,1,0,16604704.0,16.62519658667806,12041.12,1.66,1.16,10604.037027027027,10376.18,37,0.32,4.226,0.736,1.015,0.627,6.105,14.375,0,2,2,12.09,48.7,78.24,60.2,12.09,81.13,13.07,62.92,55,10810.06286830001,9.39,21.41,26.58,24.45,28.73,0.18,Gurgaon,Sector 57,apartment,Tier 2,Good,Medium,Large,1,0,0,0,0
3,1569.0,7.358830898342354,7.0,12.0,0.5833333333333334,0,0,0,0,0,20452935.0,16.833636950937358,13035.65,2.045,1.086,11870.16054054054,12002.05,37,0.4,4.292,4.231,2.015,5.745,6.58,11.712,0,0,0,11.69,20.24,24.41,36.51,11.69,14.73,11.15,63.75,40,11155.323746176988,9.68,52.77,90.0,9.45,64.6,16.17,Gurgaon,Sector 15,studio,Tier 2,Poor,High,Large,0,0,0,1,0
4,1820.0,7.507141079727608,10.0,14.0,0.7142857142857143,0,0,1,0,0,13202790.0,16.395938728858816,7254.28,1.32,0.881,8250.613823529411,8231.880000000001,34,0.04,3.168,7.658,4.866,5.845,5.707,8.681,0,0,0,20.51,13.49,7.79,8.78,20.51,14.25,14.92,71.99,47,12174.359670335367,53.81,37.93,18.33,70.0,24.45,57.0,Gurgaon,Palam Vihar,studio,Tier 2,Poor,High,XLarge,0,0,0,1,0
3,1378.0,7.229113877793302,3.0,15.0,0.2,0,0,1,1,0,13755003.0,16.436913170443297,9981.86,1.376,1.115,8876.151428571427,8954.53,35,0.08,5.491,1.986,0.895,4.49,2.122,16.417,0,3,2,6.42,35.9,51.58,63.92,6.42,22.39,49.3,72.24,37,10965.891705343245,28.59,15.55,23.44,10.43,20.94,0.1,Gurgaon,Ardee City,builder_floor,Tier 2,Moderate,Medium,Large,0,1,0,0,0
5,2930.0,7.983098940710892,10.0,14.0,0.7142857142857143,0,0,2,1,1,28409544.0,17.162235703015178,9696.09,2.841,0.975,9934.9616,9941.35,25,0.24,7.849,3.528,1.632,4.865,0.387,18.86,0,0,2,1.98,28.9,30.85,44.23,1.98,19.75,87.91,64.65,46,11646.705001117241,25.35,53.67,90.0,12.29,64.6,17.8,Gurgaon,Sohna Road,apartment,Individual,Moderate,High,Luxury,1,0,0,0,0
1,471.0,6.156978985585555,7.0,12.0,0.5833333333333334,0,0,0,1,0,5430362.0,15.507516356354662,11529.43,0.543,0.961,11870.16054054054,12002.05,37,0.4,4.292,4.231,2.015,5.745,6.58,11.712,0,0,0,11.69,20.24,24.41,36.51,11.69,14.73,11.15,67.54,43,11223.359681792177,10.34,12.46,10.42,27.99,12.67,0.22,Gurgaon,Sector 15,apartment,Tier 2,Poor,Low,Micro,1,0,0,0,0
2,1060.0,6.966967138613983,,,,0,1,2,1,0,15614860.0,16.563733582921053,14731.0,1.561,1.069,13880.907631578948,13783.235,38,0.64,0.322,1.961,3.188,0.509,1.861,8.715,5,1,0,85.12,60.64,52.02,20.32,85.12,84.38,53.78,48.92,55,10810.06286830001,-16.87,11.86,17.62,8.54,15.88,0.07,Gurgaon,MG Road,penthouse,Tier 2,Excellent,Low,Standard,0,0,1,0,0
1,512.0,6.240275845170769,5.0,20.0,0.25,0,0,2,0,0,12653553.0,16.35344860326655,24713.97,1.265,1.166,21315.337419354837,21194.36,31,0.88,3.813,1.388,1.408,0.348,5.601,14.303,0,3,3,14.86,45.0,62.97,49.46,14.86,89.06,15.46,49.02,47,10937.253284940389,-39.62,31.59,29.81,59.84,36.4,0.42,Gurgaon,Golf Course Road,apartment,Tier 2,Good,Low,Compact,1,0,0,0,0
3,1506.0,7.317876198626496,1.0,10.0,0.1,0,0,0,0,0,22711700.0,16.93839076817134,15080.81,2.271,0.857,17880.592666666667,17599.635000000002,30,0.68,0.011,3.814,5.019,0.659,0.0,6.889,4,0,0,99.45,60.51,28.05,8.13,99.45,80.27,100.0,54.89,41,10665.515724471146,-33.34,38.93,39.42,19.99,43.58,51.2,Gurgaon,Cyber City,penthouse,Tier 1,Excellent,Medium,Large,0,0,1,0,0
4,2340.0,7.75833346749091,,,,0,1,1,0,0,24983712.0,17.03373465050109,10676.8,2.498,1.029,10604.037027027027,10376.18,37,0.32,4.226,0.736,1.015,0.627,6.105,14.375,0,2,2,12.09,48.7,78.24,60.2,12.09,81.13,13.07,67.54,43,11223.359681792177,13.57,19.29,42.61,3.75,13.53,1.21,Gurgaon,Sector 57,apartment,Tier 2,Good,Medium,XLarge,1,0,0,0,0
2,907.0,6.811244378601294,10.0,14.0,0.7142857142857143,0,0,1,0,0,9521931.0,16.069108222333533,10498.27,0.952,1.056,9934.9616,9941.35,25,0.24,7.849,3.528,1.632,4.865,0.387,18.86,0,0,2,1.98,28.9,30.85,44.23,1.98,19.75,87.91,74.49,36,11000.572715809956,18.4,32.1,30.59,59.9,37.32,0.42,Gurgaon,Sohna Road,apartment,Tier 1,Moderate,Medium,Standard,1,0,0,0,0
4,2198.0,7.695757990554761,10.0,14.0,0.7142857142857143,0,0,1,1,0,51061123.0,17.748533963268617,23230.72,5.106,1.096,21315.337419354837,21194.36,31,0.88,3.813,1.388,1.408,0.348,5.601,14.303,0,3,3,14.86,45.0,62.97,49.46,14.86,89.06,15.46,48.29,43,11223.359681792177,-38.04,58.97,90.0,14.67,64.6,41.92,Gurgaon,Golf Course Road,penthouse,Tier 2,Good,Medium,XLarge,0,0,1,0,0
1,595.0,6.39024066706535,1.0,10.0,0.1,0,0,0,0,0,5402796.0,15.50242715531162,9080.33,0.54,1.103,8250.613823529411,8231.880000000001,34,0.04,3.168,7.658,4.866,5.845,5.707,8.681,0,0,0,20.51,13.49,7.79,8.78,20.51,14.25,14.92,74.25,40,11155.323746176988,40.93,35.56,24.92,54.84,22.5,51.2,Gurgaon,Palam Vihar,builder_floor,Tier 2,Poor,High,Compact,0,1,0,0,0
4,2136.0,7.667158255319148,5.0,20.0,0.25,0,0,2,0,0,17102397.0,16.654729187087828,8006.74,1.71,0.891,9056.841555555555,8990.96,45,0.16,1.99,1.674,2.225,4.041,5.75,12.744,1,2,0,36.97,37.34,57.23,32.88,36.97,26.0,14.71,73.42,55,10810.06286830001,26.24,47.77,74.8,19.59,69.58,1.41,Gurgaon,South City,builder_floor,Tier 2,Moderate,High,XLarge,0,1,0,0,0
2,1181.0,7.074963197966044,3.0,15.0,0.2,0,0,0,0,0,9381840.0,16.054286463792057,7943.98,0.938,0.965,8250.613823529411,8231.880000000001,34,0.04,3.168,7.658,4.866,5.845,5.707,8.681,0,0,0,20.51,13.49,7.79,8.78,20.51,14.25,14.92,71.75,42,10981.949143260465,38.74,17.48,16.78,32.87,19.96,0.23,Gurgaon,Palam Vihar,builder_floor,Tier 2,Poor,Medium,Standard,0,1,0,0,0
2,916.0,6.821107472256465,1.0,10.0,0.1,0,0,1,1,0,18812423.0,16.750028007441735,20537.58,1.881,0.969,21315.337419354837,21194.36,31,0.88,3.813,1.388,1.408,0.348,5.601,14.303,0,3,3,14.86,45.0,62.97,49.46,14.86,89.06,15.46,48.29,43,11223.359681792177,-38.04,43.27,46.63,80.0,42.46,1.68,Gurgaon,Golf Course Road,apartment,Tier 2,Good,Low,Standard,1,0,0,0,0
3,1538.0,7.338888133838879,0.0,,,1,0,1,0,0,15536861.0,16.558725887648073,10101.99,1.554,1.124,9056.841555555555,8990.96,45,0.16,1.99,1.674,2.225,4.041,5.75,12.744,1,2,0,36.97,37.34,57.23,32.88,36.97,26.0,14.71,71.75,42,10981.949143260465,28.25,42.33,74.8,12.06,54.31,0.78,Gurgaon,South City,villa,Tier 2,Moderate,High,Large,0,0,0,0,1
2,978.0,6.88653164253051,0.0,,,1,0,1,1,0,10499818.0,16.166868481644194,10736.01,1.05,0.902,11889.318,11904.240000000002,30,0.44,4.863,0.098,1.334,1.098,6.317,14.811,0,1,2,8.79,48.72,96.79,51.32,8.79,69.34,12.18,62.24,36,11000.572715809956,-4.82,20.81,50.7,3.95,5.48,4.53,Gurgaon,Sector 56,apartment,Tier 1,Good,Low,Standard,1,0,0,0,0
2,1119.0,7.02108396428914,7.0,12.0,0.5833333333333334,0,0,2,1,0,10855956.0,16.200224427430413,9701.48,1.086,0.935,10604.037027027027,10376.18,37,0.32,4.226,0.736,1.015,0.627,6.105,14.375,0,2,2,12.09,48.7,78.24,60.2,12.09,81.13,13.07,66.99,37,10965.891705343245,10.97,28.89,36.89,11.24,49.81,6.38,Gurgaon,Sector 57,studio,Tier 2,Good,Medium,Standard,0,0,0,1,0
2,1194.0,7.085901464365611,,,,0,1,0,0,0,15867460.0,16.57978102928358,13289.33,1.587,1.107,11870.16054054054,12002.05,37,0.4,4.292,4.231,2.015,5.745,6.58,11.712,0,0,0,11.69,20.24,24.41,36.51,11.69,14.73,11.15,61.25,42,10981.949143260465,7.97,5.45,4.37,13.98,4.25,0.29,Gurgaon,Sector 15,penthouse,Tier 2,Poor,Low,Standard,0,0,1,0,0
4,1954.0,7.578145472419466,10.0,14.0,0.7142857142857143,0,0,1,1,0,14877443.0,16.515356731204946,7613.84,1.488,0.847,9056.841555555555,8990.96,45,0.16,1.99,1.674,2.225,4.041,5.75,12.744,1,2,0,36.97,37.34,57.23,32.88,36.97,26.0,14.71,72.24,37,10965.891705343245,28.06,41.12,32.32,67.53,24.25,51.2,Gurgaon,South City,apartment,Tier 2,Moderate,High,XLarge,1,0,0,0,0
3,1644.0,7.405495663199472,5.0,20.0,0.25,0,0,1,0,0,18635398.0,16.74057344832774,11335.4,1.864,1.112,10054.119189189189,10191.19,37,0.28,6.461,2.659,0.314,4.513,1.112,17.427,0,2,2,3.95,38.82,41.21,85.48,3.95,22.21,69.03,68.89,41,10665.515724471146,9.89,43.68,74.8,19.73,52.43,2.21,Gurgaon,Nirvana Country,builder_floor,Tier 1,Moderate,High,Large,0,1,0,0,0
2,959.0,6.866933284461882,7.0,12.0,0.5833333333333334,0,0,1,0,0,9307200.0,16.046298852138634,9705.11,0.931,1.079,9056.841555555555,8990.96,45,0.16,1.99,1.674,2.225,4.041,5.75,12.744,1,2,0,36.97,37.34,57.23,32.88,36.97,26.0,14.71,71.99,47,12174.359670335367,42.18,4.26,4.68,5.07,5.81,0.76,Gurgaon,South City,builder_floor,Tier 2,Moderate,Medium,Standard,0,1,0,0,0
3,1604.0,7.380879035564116,,,,0,1,0,0,0,22385937.0,16.923943507168477,13956.32,2.239,1.164,12158.14806451613,11985.0,31,0.48,5.905,2.006,0.225,4.301,1.56,16.926,0,2,2,5.22,41.77,51.24,89.36,5.22,23.84,59.45,55.92,55,10810.06286830001,-8.0,42.68,40.22,80.0,49.53,1.09,Gurgaon,Sector 48,apartment,Tier 2,Moderate,Medium,Large,1,0,0,0,0
3,1559.0,7.352441100243583,,,,0,1,1,1,0,26148094.0,17.079286858629512,16772.35,2.615,0.953,17880.592666666667,17599.635000000002,30,0.68,0.011,3.814,5.019,0.659,0.0,6.889,4,0,0,99.45,60.51,28.05,8.13,99.45,80.27,100.0,48.29,43,11223.359681792177,-29.85,51.75,74.8,39.63,70.0,0.73,Gurgaon,Cyber City,studio,Tier 2,Excellent,Medium,Large,0,0,0,1,0
2,1192.0,7.084226422097916,7.0,12.0,0.5833333333333334,0,0,0,1,0,12470513.0,16.338877455543003,10461.84,1.247,0.873,12158.14806451613,11985.0,31,0.48,5.905,2.006,0.225,4.301,1.56,16.926,0,2,2,5.22,41.77,51.24,89.36,5.22,23.84,59.45,61.89,41,10665.515724471146,-9.23,47.54,74.8,18.85,70.0,0.43,Gurgaon,Sector 48,apartment,Tier 1,Moderate,Medium,Standard,1,0,0,0,0
2,1083.0,6.988413181999592,2.0,8.0,0.25,0,0,1,1,0,13449636.0,16.414462600448882,12418.87,1.345,1.035,11870.16054054054,12002.05,37,0.4,4.292,4.231,2.015,5.745,6.58,11.712,0,0,0,11.69,20.24,24.41,36.51,11.69,14.73,11.15,68.89,41,10665.515724471146,4.86,56.34,90.0,10.48,64.6,32.96,Gurgaon,Sector 15,apartment,Tier 1,Poor,High,Standard,1,0,0,0,0
2,1005.0,6.913737350659685,,,,0,1,2,0,0,12863186.0,16.369879991035603,12799.19,1.286,1.066,11870.16054054054,12002.05,37,0.4,4.292,4.231,2.015,5.745,6.58,11.712,0,0,0,11.69,20.24,24.41,36.51,11.69,14.73,11.15,63.02,47,10937.253284940389,7.53,25.31,60.8,3.27,10.92,3.21,Gurgaon,Sector 15,apartment,Tier 2,Poor,Medium,Standard,1,0,0,0,0
2,934.0,6.840546529288687,2.0,8.0,0.25,0,0,2,1,0,10880101.0,16.20244608243722,11648.93,1.088,1.123,10604.037027027027,10376.18,37,0.32,4.226,0.736,1.015,0.627,6.105,14.375,0,2,2,12.09,48.7,78.24,60.2,12.09,81.13,13.07,72.42,35,11530.874778105072,16.68,8.64,9.83,9.59,12.04,1.35,Gurgaon,Sector 57,apartment,Tier 1,Good,Low,Standard,1,0,0,0,0
3,1418.0,7.257707677160043,0.0,,,1,0,1,1,0,14306315.0,16.476211606141455,10089.08,1.431,0.841,11870.16054054054,12002.05,37,0.4,4.292,4.231,2.015,5.745,6.58,11.712,0,0,0,11.69,20.24,24.41,36.51,11.69,14.73,11.15,66.61,31,10995.311570656313,8.1,40.88,63.54,21.5,57.14,0.26,Gurgaon,Sector 15,builder_floor,Tier 1,Poor,Medium,Large,0,1,0,0,0
2,968.0,6.876264611890766,0.0,,,1,0,2,1,0,14849546.0,16.513479850355065,15340.44,1.485,1.113,13880.907631578948,13783.235,38,0.64,0.322,1.961,3.188,0.509,1.861,8.715,5,1,0,85.12,60.64,52.02,20.32,85.12,84.38,53.78,49.75,40,11155.323746176988,-14.21,6.63,7.11,9.38,8.37,0.85,Gurgaon,MG Road,villa,Tier 2,Excellent,Low,Standard,0,0,0,0,1
3,1463.0,7.288927694521257,,,,0,1,2,1,0,14611800.0,16.4973399794234,9987.56,1.461,1.111,9056.841555555555,8990.96,45,0.16,1.99,1.674,2.225,4.041,5.75,12.744,1,2,0,36.97,37.34,57.23,32.88,36.97,26.0,14.71,72.24,37,10965.891705343245,28.06,11.82,8.7,32.08,9.06,0.46,Gurgaon,South City,builder_floor,Tier 2,Moderate,Medium,Large,0,1,0,0,0
3,1733.0,7.458186157340487,0.0,,,1,0,0,0,0,16709707.0,16.631500366007316,9642.07,1.671,1.072,9056.841555555555,8990.96,45,0.16,1.99,1.674,2.225,4.041,5.75,12.744,1,2,0,36.97,37.34,57.23,32.88,36.97,26.0,14.71,71.99,47,12174.359670335367,42.18,41.66,74.8,15.0,48.53,1.73,Gurgaon,South City,builder_floor,Tier 2,Moderate,High,Large,0,1,0,0,0
2,1068.0,6.974478911025045,5.0,20.0,0.25,0,0,0,0,0,13534198.0,16.420730225488484,12672.47,1.353,1.065,11889.318,11904.240000000002,30,0.44,4.863,0.098,1.334,1.098,6.317,14.811,0,1,2,8.79,48.72,96.79,51.32,8.79,69.34,12.18,60.17,35,11530.874778105072,-0.23,40.4,56.14,7.22,64.6,15.81,Gurgaon,Sector 56,apartment,Tier 1,Good,Medium,Standard,1,0,0,0,0
3,1586.0,7.369600720526409,2.0,8.0,0.25,0,0,0,1,0,17498782.0,16.67764183647155,11033.28,1.75,1.11,9934.9616,9941.35,25,0.24,7.849,3.528,1.632,4.865,0.387,18.86,0,0,2,1.98,28.9,30.85,44.23,1.98,19.75,87.91,71.86,31,10995.311570656313,18.34,14.5,15.91,21.11,17.73,1.41,Gurgaon,Sohna Road,apartment,Tier 1,Moderate,Medium,Large,1,0,0,0,0
2,934.0,6.840546529288687,2.0,8.0,0.25,0,0,2,0,0,11153352.0,16.227250638493608,11941.49,1.115,0.995,11870.16054054054,12002.05,37,0.4,4.292,4.231,2.015,5.745,6.58,11.712,0,0,0,11.69,20.24,24.41,36.51,11.69,14.73,11.15,66.74,47,12174.359670335367,19.69,52.83,74.8,44.58,70.0,1.16,Gurgaon,Sector 15,apartment,Tier 2,Poor,High,Standard,1,0,0,0,0
5,2895.0,7.971085753505607,,,,0,1,2,0,0,31219159.0,17.256542534828384,10783.82,3.122,0.9,12158.14806451613,11985.0,31,0.48,5.905,2.006,0.225,4.301,1.56,16.926,0,2,2,5.22,41.77,51.24,89.36,5.22,23.84,59.45,56.75,40,11155.323746176988,-5.06,54.38,74.8,52.64,70.0,0.85,Gurgaon,Sector 48,apartment,Tier 2,Moderate,Medium,Luxury,1,0,0,0,0
3,1675.0,7.424165281042028,0.0,,,1,0,2,0,0,19167913.0,16.76874824107232,11443.53,1.917,0.953,11870.16054054054,12002.05,37,0.4,4.292,4.231,2.015,5.745,6.58,11.712,0,0,0,11.69,20.24,24.41,36.51,11.69,14.73,11.15,61.74,37,10965.891705343245,7.81,45.8,45.51,78.35,56.34,0.59,Gurgaon,Sector 15,builder_floor,Tier 2,Poor,Medium,Large,0,1,0,0,0
4,1841.0,7.518607216815252,1.0,10.0,0.1,0,0,0,0,0,13432636.0,16.41319782623142,7296.38,1.343,0.886,8250.613823529411,8231.880000000001,34,0.04,3.168,7.658,4.866,5.845,5.707,8.681,0,0,0,20.51,13.49,7.79,8.78,20.51,14.25,14.92,73.42,55,10810.06286830001,36.57,25.71,28.97,35.96,33.29,0.26,Gurgaon,Palam Vihar,apartment,Tier 2,Poor,Medium,XLarge,1,0,0,0,0
3,1669.0,7.4205789054108005,10.0,14.0,0.7142857142857143,0,0,0,0,0,18765568.0,16.747534259211196,11243.6,1.877,0.945,11889.318,11904.240000000002,30,0.44,4.863,0.098,1.334,1.098,6.317,14.811,0,1,2,8.79,48.72,96.79,51.32,8.79,69.34,12.18,56.75,40,11155.323746176988,-3.48,52.2,90.0,7.38,64.6,15.37,Gurgaon,Sector 56,apartment,Tier 2,Good,Medium,Large,1,0,0,0,0
1,532.0,6.278521424165844,7.0,12.0,0.5833333333333334,0,0,1,0,0,7269482.0,15.799195595251783,13664.44,0.727,0.991,13880.907631578948,13783.235,38,0.64,0.322,1.961,3.188,0.509,1.861,8.715,5,1,0,85.12,60.64,52.02,20.32,85.12,84.38,53.78,48.29,43,11223.359681792177,-13.69,57.18,90.0,10.63,64.6,37.03,Gurgaon,MG Road,apartment,Tier 2,Excellent,Medium,Compact,1,0,0,0,0
3,1387.0,7.23561914106675,7.0,12.0,0.5833333333333334,0,0,2,1,0,16684389.0,16.629984049778784,12029.12,1.668,0.873,13880.907631578948,13783.235,38,0.64,0.322,1.961,3.188,0.509,1.861,8.715,5,1,0,85.12,60.64,52.02,20.32,85.12,84.38,53.78,54.89,41,10665.515724471146,-17.98,44.1,48.0,62.35,18.34,51.2,Gurgaon,MG Road,studio,Tier 1,Excellent,Medium,Large,0,0,0,1,0
5,2594.0,7.861341795599989,2.0,8.0,0.25,0,0,1,0,0,27532949.0,17.1308939908879,10614.09,2.753,0.962,11140.001764705883,11038.335,34,0.36,0.678,4.481,5.684,0.139,0.0,6.231,2,0,0,71.24,52.47,22.45,5.83,71.24,95.49,100.0,63.02,47,10937.253284940389,3.05,38.28,51.57,11.95,64.6,8.43,Gurgaon,Udyog Vihar,studio,Tier 2,Good,Medium,Luxury,0,0,0,1,0
3,1568.0,7.358193752733032,,,,0,1,1,0,0,12439336.0,16.33637426764496,7933.25,1.244,0.882,9056.841555555555,8990.96,45,0.16,1.99,1.674,2.225,4.041,5.75,12.744,1,2,0,36.97,37.34,57.23,32.88,36.97,26.0,14.71,77.11,31,10995.311570656313,28.41,11.9,30.22,1.91,2.19,1.98,Gurgaon,South City,builder_floor,Tier 1,Moderate,Medium,Large,0,1,0,0,0
4,1899.0,7.549609165154532,,,,0,1,1,1,0,29652429.0,17.20505460248088,15614.76,2.965,1.133,13880.907631578948,13783.235,38,0.64,0.322,1.961,3.188,0.509,1.861,8.715,5,1,0,85.12,60.64,52.02,20.32,85.12,84.38,53.78,52.61,31,10995.311570656313,-15.44,52.97,90.0,20.14,64.6,6.46,Gurgaon,MG Road,penthouse,Tier 1,Excellent,Medium,XLarge,0,0,1,0,0
4,2367.0,7.769800996003896,5.0,20.0,0.25,0,0,1,1,0,24967944.0,17.03310332005936,10548.35,2.497,1.173,9056.841555555555,8990.96,45,0.16,1.99,1.674,2.225,4.041,5.75,12.744,1,2,0,36.97,37.34,57.23,32.88,36.97,26.0,14.71,71.99,47,12174.359670335367,42.18,54.97,90.0,29.31,64.6,7.31,Gurgaon,South City,villa,Tier 2,Moderate,High,XLarge,0,0,0,0,1
2,1155.0,7.052721049232323,3.0,15.0,0.2,0,0,0,0,0,11039606.0,16.21699990977058,9558.1,1.104,0.866,11140.001764705883,11038.335,34,0.36,0.678,4.481,5.684,0.139,0.0,6.231,2,0,0,71.24,52.47,22.45,5.83,71.24,95.49,100.0,63.02,47,10937.253284940389,3.05,56.08,90.0,11.98,64.6,30.19,Gurgaon,Udyog Vihar,builder_floor,Tier 2,Good,High,Standard,0,1,0,0,0
2,1101.0,7.004881989712859,10.0,14.0,0.7142857142857143,0,0,2,0,0,27452873.0,17.1279813834667,24934.49,2.745,1.176,21315.337419354837,21194.36,31,0.88,3.813,1.388,1.408,0.348,5.601,14.303,0,3,3,14.86,45.0,62.97,49.46,14.86,89.06,15.46,52.61,31,10995.311570656313,-39.3,39.44,74.8,9.44,45.06,0.53,Gurgaon,Golf Course Road,apartment,Tier 1,Good,Low,Standard,1,0,0,0,0
3,1558.0,7.351799869057777,3.0,15.0,0.2,0,0,2,0,0,28323910.0,17.159216882231455,18179.66,2.832,1.033,17880.592666666667,17599.635000000002,30,0.68,0.011,3.814,5.019,0.659,0.0,6.889,4,0,0,99.45,60.51,28.05,8.13,99.45,80.27,100.0,49.02,47,10937.253284940389,-31.64,38.72,12.21,70.0,36.17,57.0,Gurgaon,Cyber City,villa,Tier 2,Excellent,Medium,Large,0,0,0,0,1
2,1024.0,6.932447891572509,2.0,8.0,0.25,0,0,0,0,0,17444700.0,16.674546435550585,17035.84,1.744,0.974,17908.36074074074,17494.05,27,0.72,3.391,2.113,0.784,2.225,6.009,12.699,0,2,2,18.35,39.87,49.45,67.55,18.35,47.63,13.49,47.74,37,10965.891705343245,-34.18,25.4,48.0,16.15,8.18,16.61,Gurgaon,DLF Phase 5,builder_floor,Tier 2,Moderate,Low,Standard,0,1,0,0,0
4,2191.0,7.692569648067906,7.0,12.0,0.5833333333333334,0,0,2,0,0,16539596.0,16.621267821626684,7548.88,1.654,0.843,8876.151428571427,8954.53,35,0.08,5.491,1.986,0.895,4.49,2.122,16.417,0,3,2,6.42,35.9,51.58,63.92,6.42,22.39,49.3,72.79,43,11223.359681792177,31.6,29.36,19.96,80.0,24.91,0.71,Gurgaon,Ardee City,builder_floor,Tier 2,Moderate,Medium,XLarge,0,1,0,0,0
4,2127.0,7.662937850461535,5.0,20.0,0.25,0,0,2,0,0,30053106.0,17.218476574668994,14129.34,3.005,1.025,13880.907631578948,13783.235,38,0.64,0.322,1.961,3.188,0.509,1.861,8.715,5,1,0,85.12,60.64,52.02,20.32,85.12,84.38,53.78,49.75,40,11155.323746176988,-14.21,47.26,90.0,8.51,48.61,9.51,Gurgaon,MG Road,villa,Tier 2,Excellent,Medium,XLarge,0,0,0,0,1
2,919.0,6.824373670043086,5.0,20.0,0.25,0,0,2,0,0,9979899.0,16.116083527995954,10859.52,0.998,1.092,9934.9616,9941.35,25,0.24,7.849,3.528,1.632,4.865,0.387,18.86,0,0,2,1.98,28.9,30.85,44.23,1.98,19.75,87.91,74.14,41,10665.515724471146,14.79,33.48,10.92,48.95,33.87,57.0,Gurgaon,Sohna Road,apartment,Tier 1,Moderate,Medium,Standard,1,0,0,0,0
2,1054.0,6.961296045910167,5.0,20.0,0.25,0,0,2,0,0,9622082.0,16.079571223341993,9129.11,0.962,1.109,8250.613823529411,8231.880000000001,34,0.04,3.168,7.658,4.866,5.845,5.707,8.681,0,0,0,20.51,13.49,7.79,8.78,20.51,14.25,14.92,72.79,43,11223.359681792177,41.79,39.59,74.8,11.0,43.98,1.1,Gurgaon,Palam Vihar,builder_floor,Tier 2,Poor,High,Standard,0,1,0,0,0
3,1713.0,7.446585099157725,2.0,8.0,0.25,0,0,1,0,0,14488503.0,16.488865996330347,8457.97,1.449,0.895,9571.702413793104,9447.31,29,0.2,8.624,5.21,5.597,1.317,5.919,17.737,0,0,0,1.34,17.08,17.61,6.09,1.34,64.46,13.9,77.67,35,11530.874778105072,58.67,38.88,68.84,13.07,48.53,0.22,Gurgaon,New Gurgaon Sector 82,studio,Tier 1,Poor,High,Large,0,0,0,1,0
2,1038.0,6.946013991099227,3.0,15.0,0.2,0,0,0,0,0,19135343.0,16.767047601949116,18434.82,1.914,0.87,21315.337419354837,21194.36,31,0.88,3.813,1.388,1.408,0.348,5.601,14.303,0,3,3,14.86,45.0,62.97,49.46,14.86,89.06,15.46,48.92,55,10810.06286830001,-40.32,38.39,70.97,10.79,30.05,19.41,Gurgaon,Golf Course Road,apartment,Tier 2,Good,Low,Standard,1,0,0,0,0
4,1831.0,7.513163545234075,7.0,12.0,0.5833333333333334,0,0,1,1,0,25006461.0,17.03464478944261,13657.27,2.501,0.991,13880.907631578948,13783.235,38,0.64,0.322,1.961,3.188,0.509,1.861,8.715,5,1,0,85.12,60.64,52.02,20.32,85.12,84.38,53.78,49.02,47,10937.253284940389,-15.89,53.02,74.8,45.18,70.0,1.53,Gurgaon,MG Road,builder_floor,Tier 2,Excellent,Medium,XLarge,0,1,0,0,0
2,1136.0,7.036148493750536,5.0,20.0,0.25,0,0,1,0,0,9665247.0,16.084047226428382,8508.14,0.967,0.946,9056.841555555555,8990.96,45,0.16,1.99,1.674,2.225,4.041,5.75,12.744,1,2,0,36.97,37.34,57.23,32.88,36.97,26.0,14.71,71.75,42,10981.949143260465,28.25,16.19,42.35,1.67,2.63,1.86,Gurgaon,South City,apartment,Tier 2,Moderate,Medium,Standard,1,0,0,0,0
3,1441.0,7.273786317844895,7.0,12.0,0.5833333333333334,0,0,0,0,0,23613696.0,16.977337440647347,16387.02,2.361,0.931,17880.592666666667,17599.635000000002,30,0.68,0.011,3.814,5.019,0.659,0.0,6.889,4,0,0,99.45,60.51,28.05,8.13,99.45,80.27,100.0,48.29,43,11223.359681792177,-29.85,15.77,32.35,7.16,5.96,7.61,Gurgaon,Cyber City,builder_floor,Tier 2,Excellent,Low,Large,0,1,0,0,0
1,489.0,6.194405391104672,0.0,,,1,0,1,1,0,5061683.0,15.43720959465729,10351.09,0.506,0.938,11140.001764705883,11038.335,34,0.36,0.678,4.481,5.684,0.139,0.0,6.231,2,0,0,71.24,52.47,22.45,5.83,71.24,95.49,100.0,66.74,47,12174.359670335367,14.7,38.67,52.44,8.38,64.6,12.45,Gurgaon,Udyog Vihar,villa,Tier 2,Good,Medium,Micro,0,0,0,0,1
3,1424.0,7.261927092702751,,,,0,1,0,0,0,19718641.0,16.797074989956727,13847.36,1.972,1.155,12158.14806451613,11985.0,31,0.48,5.905,2.006,0.225,4.301,1.56,16.926,0,2,2,5.22,41.77,51.24,89.36,5.22,23.84,59.45,60.17,35,11530.874778105072,-1.86,54.81,90.0,36.75,60.46,4.22,Gurgaon,Sector 48,apartment,Tier 1,Moderate,Medium,Large,1,0,0,0,0
3,1499.0,7.313220387090301,,,,0,1,0,0,0,15164094.0,16.534440954491263,10116.14,1.516,1.13,8876.151428571427,8954.53,35,0.08,5.491,1.986,0.895,4.49,2.122,16.417,0,3,2,6.42,35.9,51.58,63.92,6.42,22.39,49.3,79.39,41,10665.515724471146,25.06,52.94,61.59,72.52,65.91,1.99,Gurgaon,Ardee City,builder_floor,Tier 1,Moderate,High,Large,0,1,0,0,0
3,1691.0,7.433666540166168,7.0,12.0,0.5833333333333334,0,0,2,1,0,16347506.0,16.6095859054461,9667.36,1.635,1.023,9571.702413793104,9447.31,29,0.2,8.624,5.21,5.597,1.317,5.919,17.737,0,0,0,1.34,17.08,17.61,6.09,1.34,64.46,13.9,71.99,47,12174.359670335367,67.53,38.49,39.3,80.0,33.52,1.79,Gurgaon,New Gurgaon Sector 82,apartment,Tier 2,Poor,High,Large,1,0,0,0,0
2,1056.0,6.963189985870238,1.0,10.0,0.1,0,0,0,0,0,21688698.0,16.892301853338807,20538.54,2.169,1.167,17880.592666666667,17599.635000000002,30,0.68,0.011,3.814,5.019,0.659,0.0,6.889,4,0,0,99.45,60.51,28.05,8.13,99.45,80.27,100.0,47.49,47,12174.359670335367,-23.91,13.6,16.23,17.49,17.58,0.12,Gurgaon,Cyber City,builder_floor,Tier 2,Excellent,Low,Standard,0,1,0,0,0
3,1442.0,7.274479558773871,1.0,10.0,0.1,0,0,1,0,0,24430998.0,17.011363293811726,16942.44,2.443,0.963,17880.592666666667,17599.635000000002,30,0.68,0.011,3.814,5.019,0.659,0.0,6.889,4,0,0,99.45,60.51,28.05,8.13,99.45,80.27,100.0,47.25,42,10981.949143260465,-31.36,34.28,69.51,7.65,33.05,0.79,Gurgaon,Cyber City,apartment,Tier 2,Excellent,Low,Large,1,0,0,0,0
4,2327.0,7.752764808851328,2.0,8.0,0.25,0,0,0,0,0,32599246.0,17.299799717235103,14009.13,3.26,1.016,13880.907631578948,13783.235,38,0.64,0.322,1.961,3.188,0.509,1.861,8.715,5,1,0,85.12,60.64,52.02,20.32,85.12,84.38,53.78,49.02,47,10937.253284940389,-15.89,24.37,60.8,2.73,8.93,1.55,Gurgaon,MG Road,villa,Tier 2,Excellent,Low,XLarge,0,0,0,0,1
2,1164.0,7.060476365999801,2.0,8.0,0.25,0,0,1,1,0,22774056.0,16.941132551294075,19565.34,2.277,0.923,21315.337419354837,21194.36,31,0.88,3.813,1.388,1.408,0.348,5.601,14.303,0,3,3,14.86,45.0,62.97,49.46,14.86,89.06,15.46,47.25,42,10981.949143260465,-39.38,29.19,22.71,80.0,20.16,1.0,Gurgaon,Golf Course Road,apartment,Tier 2,Good,Low,Standard,1,0,0,0,0
1,581.0,6.366470447731438,,,,0,1,0,0,0,5893652.0,15.589386397441993,10143.98,0.589,0.995,10054.119189189189,10191.19,37,0.28,6.461,2.659,0.314,4.513,1.112,17.427,0,2,2,3.95,38.82,41.21,85.48,3.95,22.21,69.03,67.54,43,11223.359681792177,15.63,36.87,35.4,23.93,37.81,51.2,Gurgaon,Nirvana Country,builder_floor,Tier 2,Moderate,Medium,Compact,0,1,0,0,0
1,486.0,6.18826412308259,0.0,,,1,0,0,0,0,5649803.0,15.54713123525811,11625.11,0.565,1.231,9571.702413793104,9447.31,29,0.2,8.624,5.21,5.597,1.317,5.919,17.737,0,0,0,1.34,17.08,17.61,6.09,1.34,64.46,13.9,71.99,47,12174.359670335367,67.53,17.21,34.59,4.04,16.57,0.78,Gurgaon,New Gurgaon Sector 82,apartment,Tier 2,Poor,Medium,Micro,1,0,0,0,0
3,1553.0,7.348587530927593,10.0,14.0,0.7142857142857143,0,0,2,1,0,14190755.0,16.46810125420425,9137.64,1.419,1.02,8876.151428571427,8954.53,35,0.08,5.491,1.986,0.895,4.49,2.122,16.417,0,3,2,6.42,35.9,51.58,63.92,6.42,22.39,49.3,77.11,31,10995.311570656313,28.93,18.14,45.54,2.92,3.88,3.23,Gurgaon,Ardee City,penthouse,Tier 1,Moderate,Medium,Large,0,0,1,0,0
3,1793.0,7.492203042618741,3.0,15.0,0.2,0,0,1,0,1,18362400.0,16.72581565356789,10241.16,1.836,0.987,10604.037027027027,10376.18,37,0.32,4.226,0.736,1.015,0.627,6.105,14.375,0,2,2,12.09,48.7,78.24,60.2,12.09,81.13,13.07,59.4,46,11646.705001117241,17.86,39.73,10.08,70.0,43.2,57.0,Gurgaon,Sector 57,penthouse,Individual,Good,Medium,Large,0,0,1,0,0
3,1697.0,7.437206366871292,3.0,15.0,0.2,0,0,0,0,0,32623501.0,17.30054347619141,19224.22,3.262,1.099,17908.36074074074,17494.05,27,0.72,3.391,2.113,0.784,2.225,6.009,12.699,0,2,2,18.35,39.87,49.45,67.55,18.35,47.63,13.49,54.89,41,10665.515724471146,-35.99,11.52,17.34,7.95,15.38,0.07,Gurgaon,DLF Phase 5,studio,Tier 1,Moderate,Low,Large,0,0,0,1,0
2,908.0,6.812345094177479,2.0,8.0,0.25,0,0,0,1,0,8515505.0,15.957399177425437,9378.31,0.852,0.904,10604.037027027027,10376.18,37,0.32,4.226,0.736,1.015,0.627,6.105,14.375,0,2,2,12.09,48.7,78.24,60.2,12.09,81.13,13.07,71.86,31,10995.311570656313,11.27,32.18,50.36,17.37,44.18,0.2,Gurgaon,Sector 57,villa,Tier 1,Good,Medium,Standard,0,0,0,0,1
2,920.0,6.825460036255307,0.0,,,1,0,2,0,0,10089456.0,16.127001476109243,10966.8,1.009,1.076,10054.119189189189,10191.19,37,0.28,6.461,2.659,0.314,4.513,1.112,17.427,0,2,2,3.95,38.82,41.21,85.48,3.95,22.21,69.03,68.89,41,10665.515724471146,9.89,42.69,47.73,80.0,38.55,1.74,Gurgaon,Nirvana Country,villa,Tier 1,Moderate,Medium,Standard,0,0,0,0,1
3,1559.0,7.352441100243583,2.0,8.0,0.25,0,0,0,0,0,14274750.0,16.47400280021814,9156.35,1.427,1.018,9056.841555555555,8990.96,45,0.16,1.99,1.674,2.225,4.041,5.75,12.744,1,2,0,36.97,37.34,57.23,32.88,36.97,26.0,14.71,73.52,47,10937.253284940389,27.73,51.27,90.0,12.76,62.13,8.45,Gurgaon,South City,apartment,Tier 2,Moderate,High,Large,1,0,0,0,0
3,1759.0,7.473069088032197,10.0,14.0,0.7142857142857143,0,0,1,1,1,15815099.0,16.576475674582156,8990.96,1.582,1.0,9056.841555555555,8990.96,45,0.16,1.99,1.674,2.225,4.041,5.75,12.744,1,2,0,36.97,37.34,57.23,32.88,36.97,26.0,14.71,64.65,46,11646.705001117241,36.01,45.5,58.71,31.32,33.79,51.2,Gurgaon,South City,apartment,Individual,Moderate,High,Large,1,0,0,0,0
5,2654.0,7.884199933676039,3.0,15.0,0.2,0,0,2,1,0,23297051.0,16.963837344002105,8778.09,2.33,1.066,8250.613823529411,8231.880000000001,34,0.04,3.168,7.658,4.866,5.845,5.707,8.681,0,0,0,20.51,13.49,7.79,8.78,20.51,14.25,14.92,73.42,55,10810.06286830001,36.57,32.56,15.3,47.99,24.83,57.0,Gurgaon,Palam Vihar,apartment,Tier 2,Poor,High,Luxury,1,0,0,0,0
2,1049.0,6.956545443151569,7.0,12.0,0.5833333333333334,0,0,1,1,1,10934293.0,16.20741455522456,10423.54,1.093,1.103,9571.702413793104,9447.31,29,0.2,8.624,5.21,5.597,1.317,5.919,17.737,0,0,0,1.34,17.08,17.61,6.09,1.34,64.46,13.9,64.65,46,11646.705001117241,60.26,62.5,90.0,23.97,63.88,51.2,Gurgaon,New Gurgaon Sector 82,villa,Individual,Poor,High,Standard,0,0,0,0,1
3,1397.0,7.242797922793756,2.0,8.0,0.25,0,0,2,1,0,12841489.0,16.36819181523467,9192.19,1.284,0.886,10604.037027027027,10376.18,37,0.32,4.226,0.736,1.015,0.627,6.105,14.375,0,2,2,12.09,48.7,78.24,60.2,12.09,81.13,13.07,68.27,47,10937.253284940389,10.68,46.22,74.8,18.01,64.64,1.4,Gurgaon,Sector 57,penthouse,Tier 2,Good,Medium,Large,0,0,1,0,0
2,1097.0,7.001245622069476,5.0,20.0,0.25,0,0,0,0,0,10661699.0,16.182168344865232,9718.96,1.066,1.081,9056.841555555555,8990.96,45,0.16,1.99,1.674,2.225,4.041,5.75,12.744,1,2,0,36.97,37.34,57.23,32.88,36.97,26.0,14.71,79.74,36,11000.572715809956,28.47,8.75,10.45,5.02,14.17,2.71,Gurgaon,South City,apartment,Tier 1,Moderate,Medium,Standard,1,0,0,0,0
2,1147.0,7.045776576879511,7.0,12.0,0.5833333333333334,0,0,1,0,0,10128297.0,16.130843747580684,8830.25,1.013,0.866,10054.119189189189,10191.19,37,0.28,6.461,2.659,0.314,4.513,1.112,17.427,0,2,2,3.95,38.82,41.21,85.48,3.95,22.21,69.03,67.54,43,11223.359681792177,15.63,43.83,57.9,39.49,59.78,3.6,Gurgaon,Nirvana Country,penthouse,Tier 2,Moderate,High,Standard,0,0,1,0,0
3,1521.0,7.3277805384216315,10.0,14.0,0.7142857142857143,0,0,0,1,0,23056063.0,16.953439329695154,15158.49,2.306,1.1,13880.907631578948,13783.235,38,0.64,0.322,1.961,3.188,0.509,1.861,8.715,5,1,0,85.12,60.64,52.02,20.32,85.12,84.38,53.78,49.02,47,10937.253284940389,-15.89,58.43,90.0,15.93,64.6,37.97,Gurgaon,MG Road,builder_floor,Tier 2,Excellent,Medium,Large,0,1,0,0,0
3,1699.0,7.438383530044307,10.0,14.0,0.7142857142857143,0,0,2,1,0,21903967.0,16.90217831993509,12892.27,2.19,1.083,11889.318,11904.240000000002,30,0.44,4.863,0.098,1.334,1.098,6.317,14.811,0,1,2,8.79,48.72,96.79,51.32,8.79,69.34,12.18,55.29,43,11223.359681792177,-2.89,13.4,10.98,30.75,13.41,0.25,Gurgaon,Sector 56,builder_floor,Tier 2,Good,Low,Large,0,1,0,0,0
5,2973.0,7.9976631270201,2.0,8.0,0.25,0,0,1,1,0,36734893.0,17.419237624278768,12356.17,3.673,1.119,11140.001764705883,11038.335,34,0.36,0.678,4.481,5.684,0.139,0.0,6.231,2,0,0,71.24,52.47,22.45,5.83,71.24,95.49,100.0,67.17,35,11530.874778105072,8.64,43.83,74.8,14.38,58.87,0.28,Gurgaon,Udyog Vihar,apartment,Tier 1,Good,Medium,Luxury,1,0,0,0,0
2,961.0,6.8690144506657065,,,,0,1,2,0,0,11361932.0,16.24577902721948,11823.03,1.136,0.993,11889.318,11904.240000000002,30,0.44,4.863,0.098,1.334,1.098,6.317,14.811,0,1,2,8.79,48.72,96.79,51.32,8.79,69.34,12.18,59.61,31,10995.311570656313,-4.86,54.3,90.0,25.47,64.6,7.76,Gurgaon,Sector 56,apartment,Tier 1,Good,Medium,Standard,1,0,0,0,0
2,1057.0,6.964135612418245,2.0,8.0,0.25,0,0,2,1,0,12228338.0,16.319266603089417,11568.91,1.223,0.964,11870.16054054054,12002.05,37,0.4,4.292,4.231,2.015,5.745,6.58,11.712,0,0,0,11.69,20.24,24.41,36.51,11.69,14.73,11.15,72.42,35,11530.874778105072,13.37,54.16,85.74,34.97,64.6,5.05,Gurgaon,Sector 15,builder_floor,Tier 1,Poor,High,Standard,0,1,0,0,0
3,1479.0,7.299797366758161,,,,0,1,2,0,0,11462856.0,16.25462245286174,7750.41,1.146,0.866,8876.151428571427,8954.53,35,0.08,5.491,1.986,0.895,4.49,2.122,16.417,0,3,2,6.42,35.9,51.58,63.92,6.42,22.39,49.3,79.74,36,11000.572715809956,28.99,31.43,64.64,10.34,24.05,3.63,Gurgaon,Ardee City,builder_floor,Tier 1,Moderate,High,Large,0,1,0,0,0
3,1707.0,7.443078374348516,10.0,14.0,0.7142857142857143,0,0,2,0,1,20095948.0,16.8160287606671,11772.67,2.01,1.135,10604.037027027027,10376.18,37,0.32,4.226,0.736,1.015,0.627,6.105,14.375,0,2,2,12.09,48.7,78.24,60.2,12.09,81.13,13.07,59.4,46,11646.705001117241,17.86,55.66,90.0,15.88,54.81,36.4,Gurgaon,Sector 57,apartment,Individual,Good,High,Large,1,0,0,0,0
2,1073.0,6.97914527506881,0.0,,,1,0,1,1,0,8438566.0,15.948322946923344,7864.46,0.844,0.955,8250.613823529411,8231.880000000001,34,0.04,3.168,7.658,4.866,5.845,5.707,8.681,0,0,0,20.51,13.49,7.79,8.78,20.51,14.25,14.92,72.79,43,11223.359681792177,41.79,59.32,90.0,12.68,64.6,45.66,Gurgaon,Palam Vihar,builder_floor,Tier 2,Poor,High,Standard,0,1,0,0,0
1,545.0,6.302618975744905,10.0,14.0,0.7142857142857143,0,0,2,0,0,6257543.0,15.649298174018352,11481.73,0.626,0.957,11870.16054054054,12002.05,37,0.4,4.292,4.231,2.015,5.745,6.58,11.712,0,0,0,11.69,20.24,24.41,36.51,11.69,14.73,11.15,61.74,37,10965.891705343245,7.81,33.23,30.61,80.0,25.02,1.32,Gurgaon,Sector 15,penthouse,Tier 2,Poor,Medium,Compact,0,0,1,0,0
1,570.0,6.3473892096560105,3.0,15.0,0.2,0,0,1,0,1,4827900.0,15.389922148474696,8470.0,0.483,0.942,9056.841555555555,8990.96,45,0.16,1.99,1.674,2.225,4.041,5.75,12.744,1,2,0,36.97,37.34,57.23,32.88,36.97,26.0,14.71,64.65,46,11646.705001117241,36.01,39.57,10.72,70.0,41.67,57.0,Gurgaon,South City,villa,Individual,Moderate,High,Compact,0,0,0,0,1
4,2038.0,7.620214770574455,7.0,12.0,0.5833333333333334,0,0,1,0,1,22367580.0,16.923123147015353,10975.26,2.237,0.916,12158.14806451613,11985.0,31,0.48,5.905,2.006,0.225,4.301,1.56,16.926,0,2,2,5.22,41.77,51.24,89.36,5.22,23.84,59.45,47.15,46,11646.705001117241,-0.88,37.41,21.15,70.0,20.55,54.34,Gurgaon,Sector 48,penthouse,Individual,Moderate,Medium,XLarge,0,0,1,0,0
2,1175.0,7.069874128458572,7.0,12.0,0.5833333333333334,0,0,0,0,0,12105990.0,16.30921092939675,10302.97,1.211,1.036,9934.9616,9941.35,25,0.24,7.849,3.528,1.632,4.865,0.387,18.86,0,0,2,1.98,28.9,30.85,44.23,1.98,19.75,87.91,74.49,36,11000.572715809956,18.4,31.16,48.0,28.43,10.79,29.88,Gurgaon,Sohna Road,apartment,Tier 1,Moderate,Medium,Standard,1,0,0,0,0
2,1060.0,6.966967138613983,1.0,10.0,0.1,0,0,0,1,0,11274065.0,16.238015513085127,10635.91,1.127,0.887,12158.14806451613,11985.0,31,0.48,5.905,2.006,0.225,4.301,1.56,16.926,0,2,2,5.22,41.77,51.24,89.36,5.22,23.84,59.45,55.92,55,10810.06286830001,-8.0,39.23,48.0,48.06,11.6,49.57,Gurgaon,Sector 48,apartment,Tier 2,Moderate,Medium,Standard,1,0,0,0,0
2,947.0,6.854354502255021,1.0,10.0,0.1,0,0,1,1,0,9956095.0,16.11369548440883,10513.3,0.996,1.032,10054.119189189189,10191.19,37,0.28,6.461,2.659,0.314,4.513,1.112,17.427,0,2,2,3.95,38.82,41.21,85.48,3.95,22.21,69.03,68.89,41,10665.515724471146,9.89,24.65,39.75,12.43,32.89,0.14,Gurgaon,Nirvana Country,builder_floor,Tier 1,Moderate,Medium,Standard,0,1,0,0,0
2,1109.0,7.01211529430638,10.0,14.0,0.7142857142857143,0,0,1,0,0,10390897.0,16.156440692361443,9369.61,1.039,0.992,9571.702413793104,9447.31,29,0.2,8.624,5.21,5.597,1.317,5.919,17.737,0,0,0,1.34,17.08,17.61,6.09,1.34,64.46,13.9,71.99,47,12174.359670335367,67.53,37.05,44.08,52.83,42.29,2.44,Gurgaon,New Gurgaon Sector 82,apartment,Tier 2,Poor,Medium,Standard,1,0,0,0,0
1,569.0,6.345636360828596,3.0,15.0,0.2,0,0,2,1,0,8512900.0,15.95709321805692,14961.16,0.851,0.85,17880.592666666667,17599.635000000002,30,0.68,0.011,3.814,5.019,0.659,0.0,6.889,4,0,0,99.45,60.51,28.05,8.13,99.45,80.27,100.0,47.49,47,12174.359670335367,-23.91,53.22,90.0,21.61,64.6,6.22,Gurgaon,Cyber City,apartment,Tier 2,Excellent,Medium,Compact,1,0,0,0,0
3,1493.0,7.309212365692763,1.0,10.0,0.1,0,0,0,1,0,16770003.0,16.63510231269025,11232.42,1.677,1.018,11140.001764705883,11038.335,34,0.36,0.678,4.481,5.684,0.139,0.0,6.231,2,0,0,71.24,52.47,22.45,5.83,71.24,95.49,100.0,69.24,36,11000.572715809956,3.64,24.22,48.0,10.84,10.74,12.83,Gurgaon,Udyog Vihar,apartment,Tier 1,Good,Medium,Large,1,0,0,0,0
1,579.0,6.363028103540465,7.0,12.0,0.5833333333333334,0,0,2,1,0,5263648.0,15.476334880450526,9090.93,0.526,0.876,10604.037027027027,10376.18,37,0.32,4.226,0.736,1.015,0.627,6.105,14.375,0,2,2,12.09,48.7,78.24,60.2,12.09,81.13,13.07,68.89,41,10665.515724471146,7.93,20.49,23.66,3.65,33.29,15.78,Gurgaon,Sector 57,apartment,Tier 1,Good,Medium,Compact,1,0,0,0,0
4,2344.0,7.76004068088038,2.0,8.0,0.25,0,0,2,1,0,19102662.0,16.76533825503327,8149.6,1.91,0.91,8876.151428571427,8954.53,35,0.08,5.491,1.986,0.895,4.49,2.122,16.417,0,3,2,6.42,35.9,51.58,63.92,6.42,22.39,49.3,72.79,43,11223.359681792177,31.6,45.97,90.0,18.76,39.5,4.2,Gurgaon,Ardee City,apartment,Tier 2,Moderate,High,XLarge,1,0,0,0,0
2,983.0,6.891625897052253,0.0,,,1,0,2,0,0,8976235.0,16.010091087328817,9131.47,0.898,1.109,8250.613823529411,8231.880000000001,34,0.04,3.168,7.658,4.866,5.845,5.707,8.681,0,0,0,20.51,13.49,7.79,8.78,20.51,14.25,14.92,79.74,36,11000.572715809956,38.98,38.48,30.41,55.21,26.22,51.2,Gurgaon,Palam Vihar,apartment,Tier 1,Poor,High,Standard,1,0,0,0,0
3,1793.0,7.492203042618741,0.0,,,1,0,1,1,0,13004163.0,16.380780094932113,7252.74,1.3,0.881,8250.613823529411,8231.880000000001,34,0.04,3.168,7.658,4.866,5.845,5.707,8.681,0,0,0,20.51,13.49,7.79,8.78,20.51,14.25,14.92,79.39,41,10665.515724471146,34.75,18.2,36.36,4.44,17.6,0.92,Gurgaon,Palam Vihar,apartment,Tier 1,Poor,Medium,Large,1,0,0,0,0
4,1884.0,7.541683099882111,3.0,15.0,0.2,0,0,2,0,0,18557701.0,16.736395409115506,9850.16,1.856,1.1,8876.151428571427,8954.53,35,0.08,5.491,1.986,0.895,4.49,2.122,16.417,0,3,2,6.42,35.9,51.58,63.92,6.42,22.39,49.3,73.52,47,10937.253284940389,28.25,46.41,60.71,9.01,64.6,36.03,Gurgaon,Ardee City,apartment,Tier 2,Moderate,High,XLarge,1,0,0,0,0
3,1441.0,7.273786317844895,10.0,14.0,0.7142857142857143,0,0,0,0,0,11592009.0,16.26582653937987,8044.42,1.159,0.789,10054.119189189189,10191.19,37,0.28,6.461,2.659,0.314,4.513,1.112,17.427,0,2,2,3.95,38.82,41.21,85.48,3.95,22.21,69.03,72.42,35,11530.874778105072,18.8,58.42,90.0,49.75,64.6,4.12,Gurgaon,Nirvana Country,builder_floor,Tier 1,Moderate,High,Large,0,1,0,0,0
3,1433.0,7.2682230211595655,1.0,10.0,0.1,0,0,2,0,0,28257843.0,17.1568816053437,19719.36,2.826,0.93,21315.337419354837,21194.36,31,0.88,3.813,1.388,1.408,0.348,5.601,14.303,0,3,3,14.86,45.0,62.97,49.46,14.86,89.06,15.46,55.24,36,11000.572715809956,-39.27,18.93,23.52,7.75,32.26,5.41,Gurgaon,Golf Course Road,builder_floor,Tier 1,Good,Low,Large,0,1,0,0,0
2,1168.0,7.063903961472068,2.0,8.0,0.25,0,0,1,1,0,11565746.0,16.263558356539217,9902.18,1.157,1.101,9056.841555555555,8990.96,45,0.16,1.99,1.674,2.225,4.041,5.75,12.744,1,2,0,36.97,37.34,57.23,32.88,36.97,26.0,14.71,73.52,47,10937.253284940389,27.73,9.56,25.03,1.06,1.46,1.11,Gurgaon,South City,builder_floor,Tier 2,Moderate,Medium,Standard,0,1,0,0,0
2,1096.0,7.00033446027523,0.0,,,1,0,2,0,0,10142526.0,16.13224763753,9254.13,1.014,0.931,9934.9616,9941.35,25,0.24,7.849,3.528,1.632,4.865,0.387,18.86,0,0,2,1.98,28.9,30.85,44.23,1.98,19.75,87.91,72.79,43,11223.359681792177,20.8,52.77,90.0,9.78,64.6,15.82,Gurgaon,Sohna Road,apartment,Tier 2,Moderate,High,Standard,1,0,0,0,0
3,1418.0,7.257707677160043,0.0,,,1,0,2,1,0,22424848.0,16.925680187736777,15814.42,2.242,0.904,17908.36074074074,17494.05,27,0.72,3.391,2.113,0.784,2.225,6.009,12.699,0,2,2,18.35,39.87,49.45,67.55,18.35,47.63,13.49,55.24,36,11000.572715809956,-33.97,52.5,66.83,68.91,59.5,2.24,Gurgaon,DLF Phase 5,apartment,Tier 1,Moderate,Medium,Large,1,0,0,0,0
5,2580.0,7.855932199718614,5.0,20.0,0.25,0,0,0,0,0,44955752.0,17.62118927510005,17424.71,4.496,0.996,17908.36074074074,17494.05,27,0.72,3.391,2.113,0.784,2.225,6.009,12.699,0,2,2,18.35,39.87,49.45,67.55,18.35,47.63,13.49,48.29,43,11223.359681792177,-32.64,27.17,32.93,4.59,46.62,15.34,Gurgaon,DLF Phase 5,builder_floor,Tier 2,Moderate,Low,Luxury,0,1,0,0,0
3,1627.0,7.395107546562485,10.0,14.0,0.7142857142857143,0,0,2,0,0,27432310.0,17.12723207373179,16860.67,2.743,0.964,17908.36074074074,17494.05,27,0.72,3.391,2.113,0.784,2.225,6.009,12.699,0,2,2,18.35,39.87,49.45,67.55,18.35,47.63,13.49,55.24,36,11000.572715809956,-33.97,32.8,42.06,32.8,45.86,0.27,Gurgaon,DLF Phase 5,builder_floor,Tier 1,Moderate,Low,Large,0,1,0,0,0
3,1388.0,7.236339342754344,5.0,20.0,0.25,0,0,0,0,0,16681359.0,16.629802426396125,12018.27,1.668,1.158,10604.037027027027,10376.18,37,0.32,4.226,0.736,1.015,0.627,6.105,14.375,0,2,2,12.09,48.7,78.24,60.2,12.09,81.13,13.07,68.89,41,10665.515724471146,7.93,29.77,38.21,18.11,47.62,4.35,Gurgaon,Sector 57,apartment,Tier 1,Good,Medium,Large,1,0,0,0,0
3,1747.0,7.466227556215481,7.0,12.0,0.5833333333333334,0,0,1,0,0,29928154.0,17.214310200679854,17131.17,2.993,0.979,17908.36074074074,17494.05,27,0.72,3.391,2.113,0.784,2.225,6.009,12.699,0,2,2,18.35,39.87,49.45,67.55,18.35,47.63,13.49,48.92,55,10810.06286830001,-35.12,23.14,60.8,1.72,4.29,2.2,Gurgaon,DLF Phase 5,apartment,Tier 2,Moderate,Low,Large,1,0,0,0,0
3,1712.0,7.44600149832412,0.0,,,1,0,2,0,0,26561475.0,17.09497241566907,15514.88,2.656,1.126,13880.907631578948,13783.235,38,0.64,0.322,1.961,3.188,0.509,1.861,8.715,5,1,0,85.12,60.64,52.02,20.32,85.12,84.38,53.78,49.75,40,11155.323746176988,-14.21,37.69,18.94,70.0,22.66,57.0,Gurgaon,MG Road,penthouse,Tier 2,Excellent,Medium,Large,0,0,1,0,0
1,526.0,6.267200548541362,3.0,15.0,0.2,0,0,0,1,0,6922633.0,15.750306746554863,13160.9,0.692,1.106,11889.318,11904.240000000002,30,0.44,4.863,0.098,1.334,1.098,6.317,14.811,0,1,2,8.79,48.72,96.79,51.32,8.79,69.34,12.18,56.02,47,10937.253284940389,-5.37,30.05,38.64,15.44,49.71,5.03,Gurgaon,Sector 56,apartment,Tier 2,Good,Medium,Compact,1,0,0,0,0
3,1785.0,7.487733761436444,,,,0,1,2,0,0,14880331.0,16.51555083174547,8336.32,1.488,1.013,8250.613823529411,8231.880000000001,34,0.04,3.168,7.658,4.866,5.845,5.707,8.681,0,0,0,20.51,13.49,7.79,8.78,20.51,14.25,14.92,79.39,41,10665.515724471146,34.75,44.02,6.76,70.0,65.02,57.0,Gurgaon,Palam Vihar,apartment,Tier 1,Poor,High,Large,1,0,0,0,0
5,2563.0,7.849323818040561,,,,0,1,0,0,0,28843976.0,17.177411724956315,11253.99,2.884,1.132,9934.9616,9941.35,25,0.24,7.849,3.528,1.632,4.865,0.387,18.86,0,0,2,1.98,28.9,30.85,44.23,1.98,19.75,87.91,71.86,31,10995.311570656313,18.34,58.4,90.0,49.3,64.6,4.43,Gurgaon,Sohna Road,builder_floor,Tier 1,Moderate,High,Luxury,0,1,0,0,0
2,1195.0,7.086737934510577,2.0,8.0,0.25,0,0,2,1,0,13299358.0,16.403226321350225,11129.17,1.33,0.935,11889.318,11904.240000000002,30,0.44,4.863,0.098,1.334,1.098,6.317,14.811,0,1,2,8.79,48.72,96.79,51.32,8.79,69.34,12.18,54.25,42,10981.949143260465,-4.98,15.7,13.44,34.32,16.33,0.26,Gurgaon,Sector 56,apartment,Tier 2,Good,Low,Standard,1,0,0,0,0
3,1651.0,7.409741954080923,0.0,,,1,0,0,0,0,34494888.0,17.356321697109706,20893.33,3.449,1.187,17880.592666666667,17599.635000000002,30,0.68,0.011,3.814,5.019,0.659,0.0,6.889,4,0,0,99.45,60.51,28.05,8.13,99.45,80.27,100.0,49.02,47,10937.253284940389,-31.64,21.72,26.78,5.89,37.8,8.62,Gurgaon,Cyber City,apartment,Tier 2,Excellent,Low,Large,1,0,0,0,0
2,1090.0,6.994849985833071,0.0,,,1,0,2,0,0,9253359.0,16.040497178706136,8489.32,0.925,0.854,9934.9616,9941.35,25,0.24,7.849,3.528,1.632,4.865,0.387,18.86,0,0,2,1.98,28.9,30.85,44.23,1.98,19.75,87.91,68.17,55,10810.06286830001,16.35,24.01,49.31,7.35,18.51,3.28,Gurgaon,Sohna Road,apartment,Tier 2,Moderate,Medium,Standard,1,0,0,0,0
3,1425.0,7.262628600974241,7.0,12.0,0.5833333333333334,0,0,1,0,0,17601671.0,16.68350439868338,12352.05,1.76,1.038,11889.318,11904.240000000002,30,0.44,4.863,0.098,1.334,1.098,6.317,14.811,0,1,2,8.79,48.72,96.79,51.32,8.79,69.34,12.18,60.17,35,11530.874778105072,-0.23,56.13,76.58,69.43,59.35,3.04,Gurgaon,Sector 56,villa,Tier 1,Good,High,Large,0,0,0,0,1
1,582.0,6.368187186350492,0.0,,,1,0,0,0,1,5735197.0,15.562132658435155,9854.29,0.574,0.991,9934.9616,9941.35,25,0.24,7.849,3.528,1.632,4.865,0.387,18.86,0,0,2,1.98,28.9,30.85,44.23,1.98,19.75,87.91,64.65,46,11646.705001117241,25.35,53.26,90.0,19.28,64.6,8.76,Gurgaon,Sohna Road,apartment,Individual,Moderate,High,Compact,1,0,0,0,0
3,1542.0,7.341483852363161,3.0,15.0,0.2,0,0,0,0,0,26756398.0,17.102284180277987,17351.75,2.676,0.986,17880.592666666667,17599.635000000002,30,0.68,0.011,3.814,5.019,0.659,0.0,6.889,4,0,0,99.45,60.51,28.05,8.13,99.45,80.27,100.0,47.49,47,12174.359670335367,-23.91,55.71,90.0,33.83,64.6,6.47,Gurgaon,Cyber City,apartment,Tier 2,Excellent,Medium,Large,1,0,0,0,0
3,1423.0,7.261225091971921,5.0,20.0,0.25,0,0,0,1,0,17091126.0,16.65406993940468,12010.63,1.709,1.001,11870.16054054054,12002.05,37,0.4,4.292,4.231,2.015,5.745,6.58,11.712,0,0,0,11.69,20.24,24.41,36.51,11.69,14.73,11.15,68.89,41,10665.515724471146,4.86,9.86,6.96,26.79,7.98,0.37,Gurgaon,Sector 15,apartment,Tier 1,Poor,Low,Large,1,0,0,0,0
2,904.0,6.807934943699926,0.0,,,1,0,0,0,0,13653853.0,16.429532310826534,15103.82,1.365,1.096,13880.907631578948,13783.235,38,0.64,0.322,1.961,3.188,0.509,1.861,8.715,5,1,0,85.12,60.64,52.02,20.32,85.12,84.38,53.78,55.24,36,11000.572715809956,-15.4,52.05,90.0,10.82,64.6,11.17,Gurgaon,MG Road,villa,Tier 1,Excellent,Medium,Standard,0,0,0,0,1
3,1602.0,7.3796321526095525,0.0,,,1,0,0,1,0,14323049.0,16.477380615827155,8940.73,1.432,0.862,10604.037027027027,10376.18,37,0.32,4.226,0.736,1.015,0.627,6.105,14.375,0,2,2,12.09,48.7,78.24,60.2,12.09,81.13,13.07,68.89,41,10665.515724471146,7.93,4.12,3.96,7.74,4.41,0.4,Gurgaon,Sector 57,apartment,Tier 1,Good,Low,Large,1,0,0,0,0
3,1587.0,7.370230641807081,7.0,12.0,0.5833333333333334,0,0,2,0,0,15141012.0,16.532917646540223,9540.65,1.514,0.919,10604.037027027027,10376.18,37,0.32,4.226,0.736,1.015,0.627,6.105,14.375,0,2,2,12.09,48.7,78.24,60.2,12.09,81.13,13.07,68.27,47,10937.253284940389,10.68,6.43,6.41,11.42,7.13,0.62,Gurgaon,Sector 57,studio,Tier 2,Good,Low,Large,0,0,0,1,0
4,2232.0,7.711101251840158,10.0,14.0,0.7142857142857143,0,0,2,1,0,23188203.0,16.959154215931644,10388.98,2.319,1.019,10054.119189189189,10191.19,37,0.28,6.461,2.659,0.314,4.513,1.112,17.427,0,2,2,3.95,38.82,41.21,85.48,3.95,22.21,69.03,66.99,37,10965.891705343245,12.98,23.74,60.8,1.99,6.04,2.78,Gurgaon,Nirvana Country,apartment,Tier 2,Moderate,Medium,XLarge,1,0,0,0,0
2,1167.0,7.0630481633881725,1.0,10.0,0.1,0,0,2,1,0,10885344.0,16.202927855274982,9327.63,1.089,1.042,8876.151428571427,8954.53,35,0.08,5.491,1.986,0.895,4.49,2.122,16.417,0,3,2,6.42,35.9,51.58,63.92,6.42,22.39,49.3,73.52,47,10937.253284940389,28.25,13.46,35.2,1.45,2.14,1.58,Gurgaon,Ardee City,studio,Tier 2,Moderate,Medium,Standard,0,0,0,1,0
2,924.0,6.829793737512425,10.0,14.0,0.7142857142857143,0,0,1,0,0,9796497.0,16.097535430761095,10602.27,0.98,1.179,9056.841555555555,8990.96,45,0.16,1.99,1.674,2.225,4.041,5.75,12.744,1,2,0,36.97,37.34,57.23,32.88,36.97,26.0,14.71,73.42,55,10810.06286830001,26.24,42.27,48.0,52.06,19.28,51.2,Gurgaon,South City,studio,Tier 2,Moderate,High,Standard,0,0,0,1,0
2,1119.0,7.02108396428914,7.0,12.0,0.5833333333333334,0,0,1,0,0,10397916.0,16.157115959416537,9292.15,1.04,1.129,8250.613823529411,8231.880000000001,34,0.04,3.168,7.658,4.866,5.845,5.707,8.681,0,0,0,20.51,13.49,7.79,8.78,20.51,14.25,14.92,74.25,40,11155.323746176988,40.93,37.2,22.94,70.0,19.19,51.89,Gurgaon,Palam Vihar,apartment,Tier 2,Poor,High,Standard,1,0,0,0,0
5,2391.0,7.779885115070522,10.0,14.0,0.7142857142857143,0,0,1,1,0,50470352.0,17.736896632732385,21108.47,5.047,1.207,17908.36074074074,17494.05,27,0.72,3.391,2.113,0.784,2.225,6.009,12.699,0,2,2,18.35,39.87,49.45,67.55,18.35,47.63,13.49,53.17,35,11530.874778105072,-30.79,23.71,48.0,10.13,10.05,11.86,Gurgaon,DLF Phase 5,apartment,Tier 1,Moderate,Low,XLarge,1,0,0,0,0
4,2315.0,7.7475968386928855,7.0,12.0,0.5833333333333334,0,0,2,0,0,34957750.0,17.369650747412727,15100.54,3.496,1.096,13880.907631578948,13783.235,38,0.64,0.322,1.961,3.188,0.509,1.861,8.715,5,1,0,85.12,60.64,52.02,20.32,85.12,84.38,53.78,47.74,37,10965.891705343245,-15.67,45.15,54.89,67.13,47.99,2.56,Gurgaon,MG Road,apartment,Tier 2,Excellent,Medium,XLarge,1,0,0,0,0
3,1719.0,7.450079569807499,3.0,15.0,0.2,0,0,0,1,0,20074620.0,16.814966888601756,11678.08,2.007,0.974,12158.14806451613,11985.0,31,0.48,5.905,2.006,0.225,4.301,1.56,16.926,0,2,2,5.22,41.77,51.24,89.36,5.22,23.84,59.45,55.29,43,11223.359681792177,-4.48,40.12,8.36,66.52,49.97,57.0,Gurgaon,Sector 48,apartment,Tier 2,Moderate,Medium,Large,1,0,0,0,0
4,2124.0,7.661527081358517,2.0,8.0,0.25,0,0,2,1,0,33632563.0,17.331005292528218,15834.54,3.363,0.905,17908.36074074074,17494.05,27,0.72,3.391,2.113,0.784,2.225,6.009,12.699,0,2,2,18.35,39.87,49.45,67.55,18.35,47.63,13.49,47.74,37,10965.891705343245,-34.18,47.73,54.22,17.06,60.39,51.2,Gurgaon,DLF Phase 5,builder_floor,Tier 2,Moderate,Medium,XLarge,0,1,0,0,0
3,1670.0,7.421177528595393,0.0,,,1,0,1,0,0,16743303.0,16.63350891539014,10025.93,1.674,1.115,9056.841555555555,8990.96,45,0.16,1.99,1.674,2.225,4.041,5.75,12.744,1,2,0,36.97,37.34,57.23,32.88,36.97,26.0,14.71,79.39,41,10665.515724471146,24.56,35.59,42.79,41.59,48.92,0.33,Gurgaon,South City,apartment,Tier 1,Moderate,Medium,Large,1,0,0,0,0
3,1491.0,7.307872780763706,7.0,12.0,0.5833333333333334,0,0,1,0,0,13345270.0,16.406672572912832,8950.55,1.335,1.087,8250.613823529411,8231.880000000001,34,0.04,3.168,7.658,4.866,5.845,5.707,8.681,0,0,0,20.51,13.49,7.79,8.78,20.51,14.25,14.92,77.67,35,11530.874778105072,45.68,18.02,35.72,10.1,5.9,10.11,Gurgaon,Palam Vihar,apartment,Tier 1,Poor,Medium,Large,1,0,0,0,0
1,521.0,6.257667587882639,7.0,12.0,0.5833333333333334,0,0,0,1,0,4400501.0,15.297228956042881,8446.26,0.44,0.894,9571.702413793104,9447.31,29,0.2,8.624,5.21,5.597,1.317,5.919,17.737,0,0,0,1.34,17.08,17.61,6.09,1.34,64.46,13.9,79.39,41,10665.515724471146,46.76,5.86,6.72,5.52,8.61,1.25,Gurgaon,New Gurgaon Sector 82,apartment,Tier 1,Poor,Medium,Compact,1,0,0,0,0
3,1720.0,7.450660796211539,1.0,10.0,0.1,0,0,0,1,0,14980357.0,16.522250367545077,8709.51,1.498,0.969,9056.841555555555,8990.96,45,0.16,1.99,1.674,2.225,4.041,5.75,12.744,1,2,0,36.97,37.34,57.23,32.88,36.97,26.0,14.71,72.79,43,11223.359681792177,31.07,54.86,68.24,22.93,64.59,51.2,Gurgaon,South City,penthouse,Tier 2,Moderate,High,Large,0,0,1,0,0
2,1038.0,6.946013991099227,7.0,12.0,0.5833333333333334,0,0,1,1,0,16944104.0,16.6454304846704,16323.8,1.694,1.184,13880.907631578948,13783.235,38,0.64,0.322,1.961,3.188,0.509,1.861,8.715,5,1,0,85.12,60.64,52.02,20.32,85.12,84.38,53.78,49.02,47,10937.253284940389,-15.89,38.37,26.2,70.0,19.84,51.2,Gurgaon,MG Road,apartment,Tier 2,Excellent,Medium,Standard,1,0,0,0,0
4,2015.0,7.60887062919126,,,,0,1,2,1,1,23400578.0,16.96827128087757,11613.19,2.34,0.976,11889.318,11904.240000000002,30,0.44,4.863,0.098,1.334,1.098,6.317,14.811,0,1,2,8.79,48.72,96.79,51.32,8.79,69.34,12.18,54.15,46,11646.705001117241,0.77,58.05,74.8,70.78,70.0,1.05,Gurgaon,Sector 56,apartment,Individual,Good,High,XLarge,1,0,0,0,0
3,1572.0,7.360739903058278,2.0,8.0,0.25,0,0,1,0,0,15164046.0,16.534437789114158,9646.34,1.516,0.97,9934.9616,9941.35,25,0.24,7.849,3.528,1.632,4.865,0.387,18.86,0,0,2,1.98,28.9,30.85,44.23,1.98,19.75,87.91,77.67,35,11530.874778105072,24.11,13.78,16.72,5.02,23.38,5.41,Gurgaon,Sohna Road,apartment,Tier 1,Moderate,Medium,Large,1,0,0,0,0
3,1723.0,7.452402451223638,0.0,,,1,0,2,0,1,14983501.0,16.52246022036253,8696.17,1.498,0.971,8876.151428571427,8954.53,35,0.08,5.491,1.986,0.895,4.49,2.122,16.417,0,3,2,6.42,35.9,51.58,63.92,6.42,22.39,49.3,64.65,46,11646.705001117241,36.57,5.68,6.1,7.88,7.27,0.78,Gurgaon,Ardee City,penthouse,Individual,Moderate,Medium,Large,0,0,1,0,0
1,500.0,6.2166061010848646,0.0,,,1,0,1,1,0,3976350.0,15.195874871053364,7952.7,0.398,0.888,8876.151428571427,8954.53,35,0.08,5.491,1.986,0.895,4.49,2.122,16.417,0,3,2,6.42,35.9,51.58,63.92,6.42,22.39,49.3,73.42,55,10810.06286830001,26.76,50.16,74.8,31.91,70.0,0.49,Gurgaon,Ardee City,builder_floor,Tier 2,Moderate,High,Micro,0,1,0,0,0
2,952.0,6.859614903654202,1.0,10.0,0.1,0,0,1,0,0,11409720.0,16.24997618165985,11985.0,1.141,1.0,12158.14806451613,11985.0,31,0.48,5.905,2.006,0.225,4.301,1.56,16.926,0,2,2,5.22,41.77,51.24,89.36,5.22,23.84,59.45,55.92,55,10810.06286830001,-8.0,11.69,13.09,15.06,15.27,1.4,Gurgaon,Sector 48,apartment,Tier 2,Moderate,Low,Standard,1,0,0,0,0
2,1114.0,7.016609683894219,3.0,15.0,0.2,0,0,2,0,1,15029743.0,16.525541662447903,13491.69,1.503,0.979,13880.907631578948,13783.235,38,0.64,0.322,1.961,3.188,0.509,1.861,8.715,5,1,0,85.12,60.64,52.02,20.32,85.12,84.38,53.78,40.15,46,11646.705001117241,-10.43,36.44,75.57,4.93,28.29,9.67,Gurgaon,MG Road,apartment,Individual,Excellent,Medium,Standard,1,0,0,0,0
2,1148.0,7.046647277848756,0.0,,,1,0,2,1,0,17541693.0,16.680091062485232,15280.22,1.754,0.868,17880.592666666667,17599.635000000002,30,0.68,0.011,3.814,5.019,0.659,0.0,6.889,4,0,0,99.45,60.51,28.05,8.13,99.45,80.27,100.0,48.92,55,10810.06286830001,-32.44,42.49,40.07,51.56,31.64,51.2,Gurgaon,Cyber City,apartment,Tier 2,Excellent,Medium,Standard,1,0,0,0,0
1,465.0,6.144185634125646,,,,0,1,0,0,0,5072601.0,15.439364261770228,10908.82,0.507,1.155,9571.702413793104,9447.31,29,0.2,8.624,5.21,5.597,1.317,5.919,17.737,0,0,0,1.34,17.08,17.61,6.09,1.34,64.46,13.9,77.67,35,11530.874778105072,58.67,11.38,13.55,9.44,17.27,2.16,Gurgaon,New Gurgaon Sector 82,apartment,Tier 1,Poor,Medium,Micro,1,0,0,0,0
4,1944.0,7.573017256052546,0.0,,,1,0,0,0,0,34068095.0,17.343871873779786,17524.74,3.407,0.996,17880.592666666667,17599.635000000002,30,0.68,0.011,3.814,5.019,0.659,0.0,6.889,4,0,0,99.45,60.51,28.05,8.13,99.45,80.27,100.0,55.24,36,11000.572715809956,-31.24,14.49,15.55,22.68,17.0,1.3,Gurgaon,Cyber City,studio,Tier 1,Excellent,Low,XLarge,0,0,0,1,0
3,1414.0,7.254884810077338,,,,0,1,1,1,0,16891347.0,16.642312036936165,11945.79,1.689,1.151,10604.037027027027,10376.18,37,0.32,4.226,0.736,1.015,0.627,6.105,14.375,0,2,2,12.09,48.7,78.24,60.2,12.09,81.13,13.07,71.86,31,10995.311570656313,11.27,12.2,14.19,16.66,15.52,0.12,Gurgaon,Sector 57,villa,Tier 1,Good,Low,Large,0,0,0,0,1
2,1004.0,6.912742820493176,2.0,8.0,0.25,0,0,2,1,0,10892697.0,16.203603122649067,10849.3,1.089,1.065,10054.119189189189,10191.19,37,0.28,6.461,2.659,0.314,4.513,1.112,17.427,0,2,2,3.95,38.82,41.21,85.48,3.95,22.21,69.03,68.17,55,10810.06286830001,11.38,21.15,41.06,6.41,20.5,1.87,Gurgaon,Nirvana Country,apartment,Tier 2,Moderate,Medium,Standard,1,0,0,0,0
2,1035.0,6.943122422819428,2.0,8.0,0.25,0,0,2,0,0,10044302.0,16.1225160665097,9704.64,1.004,0.935,10604.037027027027,10376.18,37,0.32,4.226,0.736,1.015,0.627,6.105,14.375,0,2,2,12.09,48.7,78.24,60.2,12.09,81.13,13.07,62.92,55,10810.06286830001,9.39,25.48,57.14,5.45,15.57,2.49,Gurgaon,Sector 57,penthouse,Tier 2,Good,Medium,Standard,0,0,1,0,0
2,1125.0,7.026426808699636,5.0,20.0,0.25,0,0,1,0,0,10841254.0,16.198869229941877,9636.67,1.084,1.072,9056.841555555555,8990.96,45,0.16,1.99,1.674,2.225,4.041,5.75,12.744,1,2,0,36.97,37.34,57.23,32.88,36.97,26.0,14.71,79.39,41,10665.515724471146,24.56,28.08,25.89,64.78,23.22,1.3,Gurgaon,South City,apartment,Tier 1,Moderate,Medium,Standard,1,0,0,0,0
3,1643.0,7.404887575616125,5.0,20.0,0.25,0,0,0,1,1,29776960.0,17.209245498075237,18123.53,2.978,1.036,17908.36074074074,17494.05,27,0.72,3.391,2.113,0.784,2.225,6.009,12.699,0,2,2,18.35,39.87,49.45,67.55,18.35,47.63,13.49,40.15,46,11646.705001117241,-30.1,42.06,89.0,6.76,32.35,7.37,Gurgaon,DLF Phase 5,builder_floor,Individual,Moderate,Medium,Large,0,1,0,0,0
3,1629.0,7.396335293800808,,,,0,1,2,1,0,21379713.0,16.87795303971055,13124.44,2.138,1.103,11889.318,11904.240000000002,30,0.44,4.863,0.098,1.334,1.098,6.317,14.811,0,1,2,8.79,48.72,96.79,51.32,8.79,69.34,12.18,54.25,42,10981.949143260465,-4.98,5.93,5.64,11.66,6.1,0.5,Gurgaon,Sector 56,penthouse,Tier 2,Good,Low,Large,0,0,1,0,0
4,2011.0,7.60688453121963,3.0,15.0,0.2,0,0,0,0,0,22785776.0,16.94164703959414,11330.57,2.279,0.945,12158.14806451613,11985.0,31,0.48,5.905,2.006,0.225,4.301,1.56,16.926,0,2,2,5.22,41.77,51.24,89.36,5.22,23.84,59.45,56.75,40,11155.323746176988,-5.06,12.53,11.82,26.13,12.01,0.82,Gurgaon,Sector 48,apartment,Tier 2,Moderate,Low,XLarge,1,0,0,0,0
3,1729.0,7.455876687491824,0.0,,,1,0,2,0,0,16773738.0,16.635325006993515,9701.41,1.677,1.079,9056.841555555555,8990.96,45,0.16,1.99,1.674,2.225,4.041,5.75,12.744,1,2,0,36.97,37.34,57.23,32.88,36.97,26.0,14.71,71.99,47,12174.359670335367,42.18,21.33,41.73,5.91,21.06,1.38,Gurgaon,South City,villa,Tier 2,Moderate,Medium,Large,0,0,0,0,1
5,2603.0,7.86480400332846,7.0,12.0,0.5833333333333334,0,0,0,0,0,30213021.0,17.223783548363187,11607.0,3.021,1.052,11140.001764705883,11038.335,34,0.36,0.678,4.481,5.684,0.139,0.0,6.231,2,0,0,71.24,52.47,22.45,5.83,71.24,95.49,100.0,66.74,47,12174.359670335367,14.7,7.64,9.04,5.32,12.01,2.05,Gurgaon,Udyog Vihar,apartment,Tier 2,Good,Low,Luxury,1,0,0,0,0
4,2387.0,7.778211474512493,0.0,,,1,0,1,0,0,22192297.0,16.91525580464835,9297.15,2.219,0.984,9571.702413793104,9447.31,29,0.2,8.624,5.21,5.597,1.317,5.919,17.737,0,0,0,1.34,17.08,17.61,6.09,1.34,64.46,13.9,72.24,37,10965.891705343245,50.9,10.48,12.45,8.59,15.95,2.08,Gurgaon,New Gurgaon Sector 82,apartment,Tier 2,Poor,Medium,XLarge,1,0,0,0,0
2,1090.0,6.994849985833071,5.0,20.0,0.25,0,0,0,1,0,8427302.0,15.946987231302339,7731.47,0.843,0.863,8876.151428571427,8954.53,35,0.08,5.491,1.986,0.895,4.49,2.122,16.417,0,3,2,6.42,35.9,51.58,63.92,6.42,22.39,49.3,73.42,55,10810.06286830001,26.76,36.62,21.82,70.0,18.96,51.2,Gurgaon,Ardee City,apartment,Tier 2,Moderate,High,Standard,1,0,0,0,0
4,1876.0,7.537430036586509,10.0,14.0,0.7142857142857143,0,0,1,0,0,19717098.0,16.796996736066223,10510.18,1.972,1.113,9571.702413793104,9447.31,29,0.2,8.624,5.21,5.597,1.317,5.919,17.737,0,0,0,1.34,17.08,17.61,6.09,1.34,64.46,13.9,72.24,37,10965.891705343245,50.9,3.58,3.87,4.53,4.77,0.62,Gurgaon,New Gurgaon Sector 82,apartment,Tier 2,Poor,Low,XLarge,1,0,0,0,0
2,1103.0,7.00669522683704,7.0,12.0,0.5833333333333334,0,0,1,0,0,10910545.0,16.205240310732073,9891.7,1.091,1.1,9056.841555555555,8990.96,45,0.16,1.99,1.674,2.225,4.041,5.75,12.744,1,2,0,36.97,37.34,57.23,32.88,36.97,26.0,14.71,77.67,35,11530.874778105072,34.66,44.63,67.78,8.7,64.6,15.07,Gurgaon,South City,builder_floor,Tier 1,Moderate,High,Standard,0,1,0,0,0
4,1995.0,7.59890045687141,,,,0,1,2,0,0,17102397.0,16.654729187087828,8572.63,1.71,0.953,9056.841555555555,8990.96,45,0.16,1.99,1.674,2.225,4.041,5.75,12.744,1,2,0,36.97,37.34,57.23,32.88,36.97,26.0,14.71,71.75,42,10981.949143260465,28.25,35.36,29.12,80.0,36.23,0.56,Gurgaon,South City,studio,Tier 2,Moderate,Medium,XLarge,0,0,0,1,0
2,1106.0,7.009408932708637,7.0,12.0,0.5833333333333334,0,0,2,1,0,16392900.0,16.612358872225283,14821.79,1.639,1.075,13880.907631578948,13783.235,38,0.64,0.322,1.961,3.188,0.509,1.861,8.715,5,1,0,85.12,60.64,52.02,20.32,85.12,84.38,53.78,49.75,40,11155.323746176988,-14.21,56.19,90.0,11.17,64.6,31.53,Gurgaon,MG Road,builder_floor,Tier 2,Excellent,Medium,Standard,0,1,0,0,0
4,1842.0,7.519149957669823,10.0,14.0,0.7142857142857143,0,0,0,0,1,32491204.0,17.29647996451484,17639.09,3.249,1.008,17908.36074074074,17494.05,27,0.72,3.391,2.113,0.784,2.225,6.009,12.699,0,2,2,18.35,39.87,49.45,67.55,18.35,47.63,13.49,40.15,46,11646.705001117241,-30.1,19.97,30.58,12.41,27.05,0.12,Gurgaon,DLF Phase 5,penthouse,Individual,Moderate,Low,XLarge,0,0,1,0,0
4,1905.0,7.552762084214147,0.0,,,1,0,0,0,0,21994349.0,16.906296114691113,11545.59,2.199,1.113,10604.037027027027,10376.18,37,0.32,4.226,0.736,1.015,0.627,6.105,14.375,0,2,2,12.09,48.7,78.24,60.2,12.09,81.13,13.07,68.27,47,10937.253284940389,10.68,23.64,49.52,6.4,18.1,2.54,Gurgaon,Sector 57,villa,Tier 2,Good,Medium,XLarge,0,0,0,0,1
4,2313.0,7.746732907753622,0.0,,,1,0,0,0,0,18319353.0,16.723468599992728,7920.17,1.832,0.884,8876.151428571427,8954.53,35,0.08,5.491,1.986,0.895,4.49,2.122,16.417,0,3,2,6.42,35.9,51.58,63.92,6.42,22.39,49.3,77.11,31,10995.311570656313,28.93,38.39,31.42,70.0,12.62,51.2,Gurgaon,Ardee City,apartment,Tier 1,Moderate,High,XLarge,1,0,0,0,0
3,1452.0,7.2813856635702825,3.0,15.0,0.2,0,0,1,0,0,15941101.0,16.58441130045921,10978.72,1.594,1.077,10054.119189189189,10191.19,37,0.28,6.461,2.659,0.314,4.513,1.112,17.427,0,2,2,3.95,38.82,41.21,85.48,3.95,22.21,69.03,69.0,40,11155.323746176988,14.93,8.35,7.72,17.61,8.02,0.59,Gurgaon,Nirvana Country,apartment,Tier 2,Moderate,Low,Large,1,0,0,0,0
2,1151.0,7.049254841255837,1.0,10.0,0.1,0,0,0,1,0,19532102.0,16.78756992634952,16969.68,1.953,0.97,17908.36074074074,17494.05,27,0.72,3.391,2.113,0.784,2.225,6.009,12.699,0,2,2,18.35,39.87,49.45,67.55,18.35,47.63,13.49,49.75,40,11155.323746176988,-33.05,41.97,48.0,52.38,17.83,51.2,Gurgaon,DLF Phase 5,apartment,Tier 2,Moderate,Medium,Standard,1,0,0,0,0
1,492.0,6.20050917404269,7.0,12.0,0.5833333333333334,0,0,2,0,0,4636308.0,15.349428917818228,9423.39,0.464,0.948,9934.9616,9941.35,25,0.24,7.849,3.528,1.632,4.865,0.387,18.86,0,0,2,1.98,28.9,30.85,44.23,1.98,19.75,87.91,68.27,47,10937.253284940389,17.72,47.07,90.0,6.26,47.17,12.63,Gurgaon,Sohna Road,builder_floor,Tier 2,Moderate,High,Micro,0,1,0,0,0
2,1093.0,6.9975959829819265,5.0,20.0,0.25,0,0,1,0,0,13106895.0,16.3886489855831,11991.67,1.311,0.87,13880.907631578948,13783.235,38,0.64,0.322,1.961,3.188,0.509,1.861,8.715,5,1,0,85.12,60.64,52.02,20.32,85.12,84.38,53.78,52.61,31,10995.311570656313,-15.44,6.38,5.57,14.64,5.68,0.41,Gurgaon,MG Road,studio,Tier 1,Excellent,Low,Standard,0,0,0,1,0
2,1108.0,7.011213987350367,10.0,14.0,0.7142857142857143,0,0,1,0,0,13576479.0,16.423849368125865,12253.14,1.358,0.889,13880.907631578948,13783.235,38,0.64,0.322,1.961,3.188,0.509,1.861,8.715,5,1,0,85.12,60.64,52.02,20.32,85.12,84.38,53.78,55.24,36,11000.572715809956,-15.4,15.78,15.35,29.2,18.13,0.2,Gurgaon,MG Road,apartment,Tier 1,Excellent,Low,Standard,1,0,0,0,0
3,1581.0,7.366445148327599,10.0,14.0,0.7142857142857143,0,0,1,0,1,19938971.0,16.808186716351948,12611.62,1.994,1.052,12158.14806451613,11985.0,31,0.48,5.905,2.006,0.225,4.301,1.56,16.926,0,2,2,5.22,41.77,51.24,89.36,5.22,23.84,59.45,47.15,46,11646.705001117241,-0.88,56.23,90.0,37.2,64.6,5.69,Gurgaon,Sector 48,builder_floor,Individual,Moderate,Medium,Large,0,1,0,0,0
2,992.0,6.900730664045173,10.0,14.0,0.7142857142857143,0,0,1,0,0,10601792.0,16.17653360139761,10687.29,1.06,0.898,11889.318,11904.240000000002,30,0.44,4.863,0.098,1.334,1.098,6.317,14.811,0,1,2,8.79,48.72,96.79,51.32,8.79,69.34,12.18,56.02,47,10937.253284940389,-5.37,53.01,73.01,77.36,45.95,2.5,Gurgaon,Sector 56,builder_floor,Tier 2,Good,Medium,Standard,0,1,0,0,0
5,2409.0,7.787382026484701,5.0,20.0,0.25,0,0,2,1,0,26012719.0,17.0740961686779,10798.14,2.601,1.06,10054.119189189189,10191.19,37,0.28,6.461,2.659,0.314,4.513,1.112,17.427,0,2,2,3.95,38.82,41.21,85.48,3.95,22.21,69.03,68.89,41,10665.515724471146,9.89,53.49,90.0,16.11,64.6,13.11,Gurgaon,Nirvana Country,builder_floor,Tier 1,Moderate,High,XLarge,0,1,0,0,0
3,1365.0,7.2196420401307355,1.0,10.0,0.1,0,0,1,0,0,9711525.0,16.088823882518632,7114.67,0.971,0.864,8250.613823529411,8231.880000000001,34,0.04,3.168,7.658,4.866,5.845,5.707,8.681,0,0,0,20.51,13.49,7.79,8.78,20.51,14.25,14.92,72.24,37,10965.891705343245,38.54,61.72,90.0,19.13,64.6,51.2,Gurgaon,Palam Vihar,apartment,Tier 2,Poor,High,Large,1,0,0,0,0
4,1982.0,7.592366128519796,0.0,,,1,0,0,1,0,21837081.0,16.899120046062354,11017.7,2.184,0.918,11870.16054054054,12002.05,37,0.4,4.292,4.231,2.015,5.745,6.58,11.712,0,0,0,11.69,20.24,24.41,36.51,11.69,14.73,11.15,66.74,47,12174.359670335367,19.69,23.53,58.73,2.58,8.78,1.32,Gurgaon,Sector 15,apartment,Tier 2,Poor,Medium,XLarge,1,0,0,0,0
2,1096.0,7.00033446027523,3.0,15.0,0.2,0,0,1,1,0,8827524.0,15.993385125557532,8054.31,0.883,0.978,8250.613823529411,8231.880000000001,34,0.04,3.168,7.658,4.866,5.845,5.707,8.681,0,0,0,20.51,13.49,7.79,8.78,20.51,14.25,14.92,73.42,55,10810.06286830001,36.57,51.32,74.8,37.35,70.0,0.85,Gurgaon,Palam Vihar,apartment,Tier 2,Poor,High,Standard,1,0,0,0,0
4,2363.0,7.768110378525988,3.0,15.0,0.2,0,0,2,1,0,18068396.0,16.709674892718137,7646.38,1.807,0.85,9056.841555555555,8990.96,45,0.16,1.99,1.674,2.225,4.041,5.75,12.744,1,2,0,36.97,37.34,57.23,32.88,36.97,26.0,14.71,74.25,40,11155.323746176988,30.28,13.4,15.93,12.35,19.73,2.13,Gurgaon,South City,apartment,Tier 2,Moderate,Medium,XLarge,1,0,0,0,0
4,2323.0,7.751045117971802,5.0,20.0,0.25,0,0,2,0,0,43708848.0,17.59306111096713,18815.69,4.371,0.888,21315.337419354837,21194.36,31,0.88,3.813,1.388,1.408,0.348,5.601,14.303,0,3,3,14.86,45.0,62.97,49.46,14.86,89.06,15.46,53.17,35,11530.874778105072,-36.35,43.73,71.23,19.33,59.53,0.26,Gurgaon,Golf Course Road,apartment,Tier 1,Good,Low,XLarge,1,0,0,0,0
3,1695.0,7.4360278163518485,3.0,15.0,0.2,0,0,2,0,0,14515200.0,16.490706934195405,8563.54,1.452,0.956,8876.151428571427,8954.53,35,0.08,5.491,1.986,0.895,4.49,2.122,16.417,0,3,2,6.42,35.9,51.58,63.92,6.42,22.39,49.3,71.99,47,12174.359670335367,42.76,30.8,23.45,80.0,25.6,0.95,Gurgaon,Ardee City,builder_floor,Tier 2,Moderate,High,Large,0,1,0,0,0
3,1705.0,7.441906728051625,10.0,14.0,0.7142857142857143,0,0,2,0,0,36711088.0,17.418589392734727,21531.43,3.671,1.016,21315.337419354837,21194.36,31,0.88,3.813,1.388,1.408,0.348,5.601,14.303,0,3,3,14.86,45.0,62.97,49.46,14.86,89.06,15.46,47.49,47,12174.359670335367,-32.79,18.21,47.38,1.99,3.13,2.24,Gurgaon,Golf Course Road,apartment,Tier 2,Good,Low,Large,1,0,0,0,0
3,1649.0,7.408530566894626,2.0,8.0,0.25,0,0,1,0,0,22533486.0,16.93051302747006,13664.94,2.253,0.991,13880.907631578948,13783.235,38,0.64,0.322,1.961,3.188,0.509,1.861,8.715,5,1,0,85.12,60.64,52.02,20.32,85.12,84.38,53.78,52.61,31,10995.311570656313,-15.44,39.82,74.8,13.42,42.35,1.85,Gurgaon,MG Road,penthouse,Tier 1,Excellent,Medium,Large,0,0,1,0,0
2,978.0,6.88653164253051,1.0,10.0,0.1,0,0,1,0,0,18084149.0,16.710546366690274,18490.95,1.808,1.057,17908.36074074074,17494.05,27,0.72,3.391,2.113,0.784,2.225,6.009,12.699,0,2,2,18.35,39.87,49.45,67.55,18.35,47.63,13.49,47.74,37,10965.891705343245,-34.18,38.8,48.0,44.5,13.17,49.04,Gurgaon,DLF Phase 5,apartment,Tier 2,Moderate,Low,Standard,1,0,0,0,0
3,1758.0,7.472500744737558,0.0,,,1,0,0,1,0,17919294.0,16.701388567413535,10193.0,1.792,1.025,9934.9616,9941.35,25,0.24,7.849,3.528,1.632,4.865,0.387,18.86,0,0,2,1.98,28.9,30.85,44.23,1.98,19.75,87.91,66.5,42,10981.949143260465,18.2,18.55,22.25,4.17,31.59,10.16,Gurgaon,Sohna Road,builder_floor,Tier 2,Moderate,Medium,Large,0,1,0,0,0
2,1101.0,7.004881989712859,2.0,8.0,0.25,0,0,1,0,0,11503567.0,16.25816771915254,10448.29,1.15,0.872,12158.14806451613,11985.0,31,0.48,5.905,2.006,0.225,4.301,1.56,16.926,0,2,2,5.22,41.77,51.24,89.36,5.22,23.84,59.45,59.61,31,10995.311570656313,-6.42,53.82,90.0,9.13,64.6,21.71,Gurgaon,Sector 48,apartment,Tier 1,Moderate,Medium,Standard,1,0,0,0,0
2,1068.0,6.974478911025045,1.0,10.0,0.1,0,0,0,1,0,11809196.0,16.284389107956056,11057.3,1.181,1.002,11140.001764705883,11038.335,34,0.36,0.678,4.481,5.684,0.139,0.0,6.231,2,0,0,71.24,52.47,22.45,5.83,71.24,95.49,100.0,63.02,47,10937.253284940389,3.05,21.78,16.93,52.66,20.96,0.4,Gurgaon,Udyog Vihar,builder_floor,Tier 2,Good,Medium,Standard,0,1,0,0,0
2,933.0,6.839476438228843,,,,0,1,2,1,0,23335655.0,16.965493006395725,25011.42,2.334,1.18,21315.337419354837,21194.36,31,0.88,3.813,1.388,1.408,0.348,5.601,14.303,0,3,3,14.86,45.0,62.97,49.46,14.86,89.06,15.46,47.25,42,10981.949143260465,-39.38,45.1,90.0,7.71,41.27,8.7,Gurgaon,Golf Course Road,studio,Tier 2,Good,Low,Standard,0,0,0,1,0
1,517.0,6.249975242259483,7.0,12.0,0.5833333333333334,0,0,1,0,1,6529017.0,15.691766953933186,12628.66,0.653,1.054,12158.14806451613,11985.0,31,0.48,5.905,2.006,0.225,4.301,1.56,16.926,0,2,2,5.22,41.77,51.24,89.36,5.22,23.84,59.45,47.15,46,11646.705001117241,-0.88,39.68,29.42,70.0,20.59,51.2,Gurgaon,Sector 48,apartment,Individual,Moderate,Medium,Compact,1,0,0,0,0
1,519.0,6.253828811575473,5.0,20.0,0.25,0,0,0,1,0,7776156.0,15.866572686649574,14982.96,0.778,1.087,13880.907631578948,13783.235,38,0.64,0.322,1.961,3.188,0.509,1.861,8.715,5,1,0,85.12,60.64,52.02,20.32,85.12,84.38,53.78,49.75,40,11155.323746176988,-14.21,36.77,21.39,67.37,20.46,53.47,Gurgaon,MG Road,apartment,Tier 2,Excellent,Medium,Compact,1,0,0,0,0
2,1159.0,7.05617528410041,10.0,14.0,0.7142857142857143,0,0,2,1,0,12598967.0,16.34912538443384,10870.55,1.26,0.913,11889.318,11904.240000000002,30,0.44,4.863,0.098,1.334,1.098,6.317,14.811,0,1,2,8.79,48.72,96.79,51.32,8.79,69.34,12.18,60.17,35,11530.874778105072,-0.23,48.75,74.8,25.01,70.0,0.36,Gurgaon,Sector 56,villa,Tier 1,Good,Medium,Standard,0,0,0,0,1
5,2660.0,7.886457270977689,3.0,15.0,0.2,0,0,2,0,0,52475496.0,17.775856875746356,19727.63,5.248,1.121,17880.592666666667,17599.635000000002,30,0.68,0.011,3.814,5.019,0.659,0.0,6.889,4,0,0,99.45,60.51,28.05,8.13,99.45,80.27,100.0,47.49,47,12174.359670335367,-23.91,37.68,74.8,8.09,39.21,0.38,Gurgaon,Cyber City,apartment,Tier 2,Excellent,Medium,Luxury,1,0,0,0,0
3,1521.0,7.3277805384216315,,,,0,1,0,0,0,14181439.0,16.467444554878508,9323.76,1.418,1.133,8250.613823529411,8231.880000000001,34,0.04,3.168,7.658,4.866,5.845,5.707,8.681,0,0,0,20.51,13.49,7.79,8.78,20.51,14.25,14.92,73.42,55,10810.06286830001,36.57,30.07,48.0,21.09,15.37,26.07,Gurgaon,Palam Vihar,apartment,Tier 2,Poor,High,Large,1,0,0,0,0
5,2983.0,8.001019961323651,3.0,15.0,0.2,0,0,1,0,0,29655047.0,17.205142888146643,9941.35,2.966,1.0,9934.9616,9941.35,25,0.24,7.849,3.528,1.632,4.865,0.387,18.86,0,0,2,1.98,28.9,30.85,44.23,1.98,19.75,87.91,66.5,42,10981.949143260465,18.2,37.58,16.85,70.0,25.12,57.0,Gurgaon,Sohna Road,apartment,Tier 2,Moderate,Medium,Luxury,1,0,0,0,0
2,933.0,6.839476438228843,2.0,8.0,0.25,0,0,0,0,0,9574950.0,16.074660871085236,10262.54,0.957,1.146,8876.151428571427,8954.53,35,0.08,5.491,1.986,0.895,4.49,2.122,16.417,0,3,2,6.42,35.9,51.58,63.92,6.42,22.39,49.3,72.24,37,10965.891705343245,28.59,29.26,36.3,29.2,40.54,2.91,Gurgaon,Ardee City,apartment,Tier 2,Moderate,Medium,Standard,1,0,0,0,0
2,1027.0,6.93537044601511,0.0,,,1,0,2,0,0,9637943.0,16.081218262074866,9384.56,0.964,0.904,10604.037027027027,10376.18,37,0.32,4.226,0.736,1.015,0.627,6.105,14.375,0,2,2,12.09,48.7,78.24,60.2,12.09,81.13,13.07,74.49,36,11000.572715809956,11.32,39.57,8.16,63.48,50.47,57.0,Gurgaon,Sector 57,builder_floor,Tier 1,Good,Medium,Standard,0,1,0,0,0
3,1369.0,7.222566018822171,0.0,,,1,0,0,0,1,10456942.0,16.162776622041484,7638.38,1.046,0.85,9056.841555555555,8990.96,45,0.16,1.99,1.674,2.225,4.041,5.75,12.744,1,2,0,36.97,37.34,57.23,32.88,36.97,26.0,14.71,64.65,46,11646.705001117241,36.01,30.77,51.04,13.58,40.61,0.18,Gurgaon,South City,apartment,Individual,Moderate,Medium,Large,1,0,0,0,0
2,1122.0,7.023758954738443,0.0,,,1,0,1,1,0,15374463.0,16.548218444217632,13702.73,1.537,1.143,12158.14806451613,11985.0,31,0.48,5.905,2.006,0.225,4.301,1.56,16.926,0,2,2,5.22,41.77,51.24,89.36,5.22,23.84,59.45,62.24,36,11000.572715809956,-6.38,15.6,19.11,10.58,24.73,3.08,Gurgaon,Sector 48,penthouse,Tier 1,Moderate,Low,Standard,0,0,1,0,0
2,1175.0,7.069874128458572,10.0,14.0,0.7142857142857143,0,0,2,0,1,15082288.0,16.529031633173073,12835.99,1.508,1.078,11889.318,11904.240000000002,30,0.44,4.863,0.098,1.334,1.098,6.317,14.811,0,1,2,8.79,48.72,96.79,51.32,8.79,69.34,12.18,54.15,46,11646.705001117241,0.77,26.6,48.0,16.06,11.55,18.48,Gurgaon,Sector 56,villa,Individual,Good,Medium,Standard,0,0,0,0,1
3,1476.0,7.29776828253138,3.0,15.0,0.2,0,0,1,0,0,14377996.0,16.481209540323107,9741.19,1.438,0.882,11140.001764705883,11038.335,34,0.36,0.678,4.481,5.684,0.139,0.0,6.231,2,0,0,71.24,52.47,22.45,5.83,71.24,95.49,100.0,68.89,41,10665.515724471146,0.49,38.92,30.29,70.0,16.32,51.2,Gurgaon,Udyog Vihar,builder_floor,Tier 1,Good,Medium,Large,0,1,0,0,0
2,1158.0,7.055312843339752,,,,0,1,2,0,0,12235416.0,16.319845255098222,10565.99,1.224,0.88,11870.16054054054,12002.05,37,0.4,4.292,4.231,2.015,5.745,6.58,11.712,0,0,0,11.69,20.24,24.41,36.51,11.69,14.73,11.15,61.74,37,10965.891705343245,7.81,10.98,9.48,23.81,11.43,0.19,Gurgaon,Sector 15,builder_floor,Tier 2,Poor,Low,Standard,0,1,0,0,0
3,1481.0,7.301147805856032,0.0,,,1,0,1,0,0,10552880.0,16.1719093664145,7125.51,1.055,0.866,8250.613823529411,8231.880000000001,34,0.04,3.168,7.658,4.866,5.845,5.707,8.681,0,0,0,20.51,13.49,7.79,8.78,20.51,14.25,14.92,73.52,47,10937.253284940389,38.18,44.56,90.0,9.01,39.33,7.15,Gurgaon,Palam Vihar,penthouse,Tier 2,Poor,High,Large,0,0,1,0,0
3,1760.0,7.473637108496206,,,,0,1,2,1,0,17603256.0,16.68359444289799,10001.85,1.76,0.964,10604.037027027027,10376.18,37,0.32,4.226,0.736,1.015,0.627,6.105,14.375,0,2,2,12.09,48.7,78.24,60.2,12.09,81.13,13.07,71.99,47,12174.359670335367,23.2,25.65,57.77,5.4,15.41,2.5,Gurgaon,Sector 57,apartment,Tier 2,Good,Medium,Large,1,0,0,0,0
2,1126.0,7.027314514039777,3.0,15.0,0.2,0,0,2,1,0,10865393.0,16.201093342210406,9649.55,1.087,1.078,8876.151428571427,8954.53,35,0.08,5.491,1.986,0.895,4.49,2.122,16.417,0,3,2,6.42,35.9,51.58,63.92,6.42,22.39,49.3,79.74,36,11000.572715809956,28.99,12.28,13.4,17.7,15.17,1.28,Gurgaon,Ardee City,penthouse,Tier 1,Moderate,Medium,Standard,0,0,1,0,0
1,571.0,6.349138991379798,10.0,14.0,0.7142857142857143,0,0,2,0,0,4897364.0,15.404207659145223,8576.82,0.49,1.042,8250.613823529411,8231.880000000001,34,0.04,3.168,7.658,4.866,5.845,5.707,8.681,0,0,0,20.51,13.49,7.79,8.78,20.51,14.25,14.92,77.67,35,11530.874778105072,45.68,2.58,2.72,3.57,3.33,0.43,Gurgaon,Palam Vihar,villa,Tier 1,Poor,Medium,Compact,0,0,0,0,1
3,1358.0,7.214504414151143,2.0,8.0,0.25,0,0,2,1,0,18187490.0,16.716244553067657,13392.85,1.819,0.972,13880.907631578948,13783.235,38,0.64,0.322,1.961,3.188,0.509,1.861,8.715,5,1,0,85.12,60.64,52.02,20.32,85.12,84.38,53.78,49.75,40,11155.323746176988,-14.21,3.3,3.15,6.24,3.52,0.33,Gurgaon,MG Road,builder_floor,Tier 2,Excellent,Low,Large,0,1,0,0,0
3,1783.0,7.486613313139955,10.0,14.0,0.7142857142857143,0,0,0,0,0,19592709.0,16.79066806519946,10988.62,1.959,0.916,11870.16054054054,12002.05,37,0.4,4.292,4.231,2.015,5.745,6.58,11.712,0,0,0,11.69,20.24,24.41,36.51,11.69,14.73,11.15,66.61,31,10995.311570656313,8.1,45.11,74.8,16.34,62.4,0.29,Gurgaon,Sector 15,builder_floor,Tier 1,Poor,Medium,Large,0,1,0,0,0
1,559.0,6.327936783729195,,,,0,1,2,1,0,3955121.0,15.190521752900475,7075.35,0.396,0.86,8250.613823529411,8231.880000000001,34,0.04,3.168,7.658,4.866,5.845,5.707,8.681,0,0,0,20.51,13.49,7.79,8.78,20.51,14.25,14.92,73.42,55,10810.06286830001,36.57,23.86,53.7,4.73,14.98,1.88,Gurgaon,Palam Vihar,apartment,Tier 2,Poor,Medium,Compact,1,0,0,0,0
5,2479.0,7.8160138391590275,10.0,14.0,0.7142857142857143,0,0,1,0,0,22367100.0,16.92310168715468,9022.63,2.237,0.885,10054.119189189189,10191.19,37,0.28,6.461,2.659,0.314,4.513,1.112,17.427,0,2,2,3.95,38.82,41.21,85.48,3.95,22.21,69.03,68.27,47,10937.253284940389,12.69,25.56,48.0,13.98,10.98,16.1,Gurgaon,Nirvana Country,apartment,Tier 2,Moderate,Medium,XLarge,1,0,0,0,0
1,574.0,6.354370040797351,10.0,14.0,0.7142857142857143,0,0,2,0,0,6750636.0,15.7251472806323,11760.69,0.675,1.065,11140.001764705883,11038.335,34,0.36,0.678,4.481,5.684,0.139,0.0,6.231,2,0,0,71.24,52.47,22.45,5.83,71.24,95.49,100.0,63.75,40,11155.323746176988,5.1,43.37,41.1,80.0,51.32,0.77,Gurgaon,Udyog Vihar,villa,Tier 2,Good,Medium,Compact,0,0,0,0,1
3,1477.0,7.298445101508147,2.0,8.0,0.25,0,0,1,1,0,19926384.0,16.807555240705074,13491.12,1.993,1.133,11889.318,11904.240000000002,30,0.44,4.863,0.098,1.334,1.098,6.317,14.811,0,1,2,8.79,48.72,96.79,51.32,8.79,69.34,12.18,61.49,47,12174.359670335367,5.34,48.54,74.27,34.54,60.47,2.59,Gurgaon,Sector 56,apartment,Tier 2,Good,Medium,Large,1,0,0,0,0
5,2905.0,7.974532844130228,3.0,15.0,0.2,0,0,0,1,0,29720271.0,17.20733989621102,10230.73,2.972,1.138,9056.841555555555,8990.96,45,0.16,1.99,1.674,2.225,4.041,5.75,12.744,1,2,0,36.97,37.34,57.23,32.88,36.97,26.0,14.71,74.25,40,11155.323746176988,30.28,49.03,73.24,7.4,64.6,28.83,Gurgaon,South City,villa,Tier 2,Moderate,High,Luxury,0,0,0,0,1
2,934.0,6.840546529288687,3.0,15.0,0.2,0,0,2,0,1,16878426.0,16.64154679633887,18071.12,1.688,0.853,21315.337419354837,21194.36,31,0.88,3.813,1.388,1.408,0.348,5.601,14.303,0,3,3,14.86,45.0,62.97,49.46,14.86,89.06,15.46,40.15,46,11646.705001117241,-35.71,17.44,27.06,10.49,23.4,0.11,Gurgaon,Golf Course Road,apartment,Individual,Good,Low,Standard,1,0,0,0,0
2,1111.0,7.013915474810528,5.0,20.0,0.25,0,0,0,0,0,14504561.0,16.48997370965392,13055.41,1.45,1.088,11870.16054054054,12002.05,37,0.4,4.292,4.231,2.015,5.745,6.58,11.712,0,0,0,11.69,20.24,24.41,36.51,11.69,14.73,11.15,72.42,35,11530.874778105072,13.37,39.83,48.0,38.61,20.26,51.2,Gurgaon,Sector 15,apartment,Tier 1,Poor,Medium,Standard,1,0,0,0,0
2,1062.0,6.968850378341948,10.0,14.0,0.7142857142857143,0,0,2,0,0,10280553.0,16.14576461031878,9680.37,1.028,1.081,8876.151428571427,8954.53,35,0.08,5.491,1.986,0.895,4.49,2.122,16.417,0,3,2,6.42,35.9,51.58,63.92,6.42,22.39,49.3,71.99,47,12174.359670335367,42.76,53.77,90.0,19.52,64.6,11.09,Gurgaon,Ardee City,apartment,Tier 2,Moderate,High,Standard,1,0,0,0,0
2,929.0,6.835184586147301,3.0,15.0,0.2,0,0,0,1,1,14376777.0,16.48112475439899,15475.54,1.438,1.123,13880.907631578948,13783.235,38,0.64,0.322,1.961,3.188,0.509,1.861,8.715,5,1,0,85.12,60.64,52.02,20.32,85.12,84.38,53.78,40.15,46,11646.705001117241,-10.43,28.84,48.0,25.74,7.95,24.52,Gurgaon,MG Road,apartment,Individual,Excellent,Low,Standard,1,0,0,0,0
2,973.0,6.881411303642535,3.0,15.0,0.2,0,0,1,0,0,9285154.0,16.04392733852262,9542.81,0.929,0.936,10054.119189189189,10191.19,37,0.28,6.461,2.659,0.314,4.513,1.112,17.427,0,2,2,3.95,38.82,41.21,85.48,3.95,22.21,69.03,67.54,43,11223.359681792177,15.63,26.15,30.43,4.63,42.48,19.78,Gurgaon,Nirvana Country,apartment,Tier 2,Moderate,Medium,Standard,1,0,0,0,0
3,1356.0,7.213031659834869,1.0,10.0,0.1,0,0,0,0,0,14081558.0,16.460376555981625,10384.63,1.408,1.001,10604.037027027027,10376.18,37,0.32,4.226,0.736,1.015,0.627,6.105,14.375,0,2,2,12.09,48.7,78.24,60.2,12.09,81.13,13.07,66.5,42,10981.949143260465,11.13,37.86,14.29,70.0,29.82,57.0,Gurgaon,Sector 57,apartment,Tier 2,Good,Medium,Large,1,0,0,0,0
1,520.0,6.255750041753367,0.0,,,1,0,1,1,0,8878802.0,15.999177195957282,17074.62,0.888,0.976,17908.36074074074,17494.05,27,0.72,3.391,2.113,0.784,2.225,6.009,12.699,0,2,2,18.35,39.87,49.45,67.55,18.35,47.63,13.49,48.92,55,10810.06286830001,-35.12,22.34,51.58,5.26,7.86,6.34,Gurgaon,DLF Phase 5,studio,Tier 2,Moderate,Low,Compact,0,0,0,1,0
3,1486.0,7.304515946460155,5.0,20.0,0.25,0,0,1,0,0,12645102.0,16.35278050448309,8509.49,1.265,0.901,9571.702413793104,9447.31,29,0.2,8.624,5.21,5.597,1.317,5.919,17.737,0,0,0,1.34,17.08,17.61,6.09,1.34,64.46,13.9,71.75,42,10981.949143260465,51.12,37.66,14.24,68.93,29.94,57.0,Gurgaon,New Gurgaon Sector 82,builder_floor,Tier 2,Poor,Medium,Large,0,1,0,0,0
5,2699.0,7.90100705199242,7.0,12.0,0.5833333333333334,0,0,2,1,0,30716293.0,17.24030378838955,11380.62,3.072,0.95,12158.14806451613,11985.0,31,0.48,5.905,2.006,0.225,4.301,1.56,16.926,0,2,2,5.22,41.77,51.24,89.36,5.22,23.84,59.45,59.61,31,10995.311570656313,-6.42,53.85,60.1,79.63,66.08,1.86,Gurgaon,Sector 48,apartment,Tier 1,Moderate,Medium,Luxury,1,0,0,0,0
4,1978.0,7.590346945602565,5.0,20.0,0.25,0,0,2,1,0,16532243.0,16.620823153271765,8358.06,1.653,0.93,9056.841555555555,8990.96,45,0.16,1.99,1.674,2.225,4.041,5.75,12.744,1,2,0,36.97,37.34,57.23,32.88,36.97,26.0,14.71,72.79,43,11223.359681792177,31.07,20.72,24.27,24.9,27.29,2.11,Gurgaon,South City,builder_floor,Tier 2,Moderate,Medium,XLarge,0,1,0,0,0
3,1485.0,7.303843225277705,5.0,20.0,0.25,0,0,0,1,0,12594404.0,16.34876314628398,8481.08,1.259,1.03,8250.613823529411,8231.880000000001,34,0.04,3.168,7.658,4.866,5.845,5.707,8.681,0,0,0,20.51,13.49,7.79,8.78,20.51,14.25,14.92,72.24,37,10965.891705343245,38.54,56.09,90.0,36.59,64.6,5.6,Gurgaon,Palam Vihar,penthouse,Tier 2,Poor,High,Large,0,0,1,0,0
2,1123.0,7.024649030453636,7.0,12.0,0.5833333333333334,0,0,1,1,0,26288723.0,17.084650621924197,23409.37,2.629,1.105,21315.337419354837,21194.36,31,0.88,3.813,1.388,1.408,0.348,5.601,14.303,0,3,3,14.86,45.0,62.97,49.46,14.86,89.06,15.46,52.61,31,10995.311570656313,-39.3,6.23,5.26,15.05,5.24,0.36,Gurgaon,Golf Course Road,builder_floor,Tier 1,Good,Low,Standard,0,1,0,0,0
3,1372.0,7.224753405767971,1.0,10.0,0.1,0,0,1,1,0,15619657.0,16.56404074310782,11384.59,1.562,0.949,11870.16054054054,12002.05,37,0.4,4.292,4.231,2.015,5.745,6.58,11.712,0,0,0,11.69,20.24,24.41,36.51,11.69,14.73,11.15,66.61,31,10995.311570656313,8.1,55.13,90.0,9.05,64.6,28.37,Gurgaon,Sector 15,apartment,Tier 1,Poor,High,Large,1,0,0,0,0
3,1756.0,7.471363088187097,10.0,14.0,0.7142857142857143,0,0,0,0,0,12716074.0,16.35837742043597,7241.5,1.272,0.88,8250.613823529411,8231.880000000001,34,0.04,3.168,7.658,4.866,5.845,5.707,8.681,0,0,0,20.51,13.49,7.79,8.78,20.51,14.25,14.92,79.39,41,10665.515724471146,34.75,28.26,60.8,4.02,19.69,6.29,Gurgaon,Palam Vihar,penthouse,Tier 1,Poor,High,Large,0,0,1,0,0
2,1156.0,7.053585727193677,2.0,8.0,0.25,0,0,1,1,0,24107605.0,16.99803790884822,20854.33,2.411,1.185,17880.592666666667,17599.635000000002,30,0.68,0.011,3.814,5.019,0.659,0.0,6.889,4,0,0,99.45,60.51,28.05,8.13,99.45,80.27,100.0,48.92,55,10810.06286830001,-32.44,11.9,11.01,25.59,11.1,0.75,Gurgaon,Cyber City,villa,Tier 2,Excellent,Low,Standard,0,0,0,0,1
2,1100.0,7.00397413672268,3.0,15.0,0.2,0,0,0,1,1,15891601.0,16.58130128862938,14446.91,1.589,1.205,12158.14806451613,11985.0,31,0.48,5.905,2.006,0.225,4.301,1.56,16.926,0,2,2,5.22,41.77,51.24,89.36,5.22,23.84,59.45,47.15,46,11646.705001117241,-0.88,39.9,74.79,10.34,31.41,19.03,Gurgaon,Sector 48,apartment,Individual,Moderate,Medium,Standard,1,0,0,0,0
4,2156.0,7.676473646389156,0.0,,,1,0,0,1,0,43286249.0,17.583345567477345,20077.11,4.329,1.148,17908.36074074074,17494.05,27,0.72,3.391,2.113,0.784,2.225,6.009,12.699,0,2,2,18.35,39.87,49.45,67.55,18.35,47.63,13.49,53.17,35,11530.874778105072,-30.79,10.84,8.07,27.35,9.97,0.27,Gurgaon,DLF Phase 5,apartment,Tier 1,Moderate,Low,XLarge,1,0,0,0,0
2,1168.0,7.063903961472068,,,,0,1,1,0,0,13207943.0,16.396328949006467,11308.17,1.321,1.11,10054.119189189189,10191.19,37,0.28,6.461,2.659,0.314,4.513,1.112,17.427,0,2,2,3.95,38.82,41.21,85.48,3.95,22.21,69.03,66.5,42,10981.949143260465,13.15,16.7,32.74,9.84,5.37,9.64,Gurgaon,Nirvana Country,builder_floor,Tier 2,Moderate,Medium,Standard,0,1,0,0,0
2,956.0,6.863803391452954,10.0,14.0,0.7142857142857143,0,0,0,0,0,8561697.0,15.962808976133005,8955.75,0.856,1.0,8876.151428571427,8954.53,35,0.08,5.491,1.986,0.895,4.49,2.122,16.417,0,3,2,6.42,35.9,51.58,63.92,6.42,22.39,49.3,77.11,31,10995.311570656313,28.93,10.48,15.93,7.05,13.93,0.06,Gurgaon,Ardee City,apartment,Tier 1,Moderate,Medium,Standard,1,0,0,0,0
2,924.0,6.829793737512425,7.0,12.0,0.5833333333333334,0,0,2,0,0,11972471.0,16.298120488978387,12957.22,1.197,1.174,11140.001764705883,11038.335,34,0.36,0.678,4.481,5.684,0.139,0.0,6.231,2,0,0,71.24,52.47,22.45,5.83,71.24,95.49,100.0,61.25,42,10981.949143260465,3.47,14.18,29.74,6.11,5.1,6.38,Gurgaon,Udyog Vihar,villa,Tier 2,Good,Low,Standard,0,0,0,0,1
2,972.0,6.880384082186005,2.0,8.0,0.25,0,0,2,0,0,8049297.0,15.901095316388783,8281.17,0.805,0.813,10054.119189189189,10191.19,37,0.28,6.461,2.659,0.314,4.513,1.112,17.427,0,2,2,3.95,38.82,41.21,85.48,3.95,22.21,69.03,68.27,47,10937.253284940389,12.69,7.89,7.76,14.62,8.44,0.68,Gurgaon,Nirvana Country,apartment,Tier 2,Moderate,Low,Standard,1,0,0,0,0
4,2277.0,7.731053144007127,10.0,14.0,0.7142857142857143,0,0,1,0,0,21041985.0,16.86203028549012,9241.1,2.104,0.907,10054.119189189189,10191.19,37,0.28,6.461,2.659,0.314,4.513,1.112,17.427,0,2,2,3.95,38.82,41.21,85.48,3.95,22.21,69.03,66.5,42,10981.949143260465,13.15,20.75,24.83,4.08,35.24,12.19,Gurgaon,Nirvana Country,penthouse,Tier 2,Moderate,Medium,XLarge,0,0,1,0,0
3,1366.0,7.220373836723949,7.0,12.0,0.5833333333333334,0,0,2,1,0,12368201.0,16.33063930129436,9054.32,1.237,0.958,9571.702413793104,9447.31,29,0.2,8.624,5.21,5.597,1.317,5.919,17.737,0,0,0,1.34,17.08,17.61,6.09,1.34,64.46,13.9,72.24,37,10965.891705343245,50.9,4.68,3.96,11.14,4.02,0.29,Gurgaon,New Gurgaon Sector 82,builder_floor,Tier 2,Poor,Low,Large,0,1,0,0,0
3,1612.0,7.385851078125209,3.0,15.0,0.2,0,0,0,0,0,16778695.0,16.635620484822862,10408.62,1.678,0.874,11889.318,11904.240000000002,30,0.44,4.863,0.098,1.334,1.098,6.317,14.811,0,1,2,8.79,48.72,96.79,51.32,8.79,69.34,12.18,61.49,47,12174.359670335367,5.34,25.53,48.0,14.46,10.34,16.26,Gurgaon,Sector 56,apartment,Tier 2,Good,Medium,Large,1,0,0,0,0
1,599.0,6.396929655216146,1.0,10.0,0.1,0,0,0,0,0,5093555.0,15.443486573029938,8503.43,0.509,0.834,10054.119189189189,10191.19,37,0.28,6.461,2.659,0.314,4.513,1.112,17.427,0,2,2,3.95,38.82,41.21,85.48,3.95,22.21,69.03,68.27,47,10937.253284940389,12.69,21.57,26.31,5.04,37.33,10.12,Gurgaon,Nirvana Country,apartment,Tier 2,Moderate,Medium,Compact,1,0,0,0,0
2,1157.0,7.05444965813294,10.0,14.0,0.7142857142857143,0,0,1,0,0,10276243.0,16.14534528426591,8881.8,1.028,1.079,8250.613823529411,8231.880000000001,34,0.04,3.168,7.658,4.866,5.845,5.707,8.681,0,0,0,20.51,13.49,7.79,8.78,20.51,14.25,14.92,73.52,47,10937.253284940389,38.18,10.98,8.48,26.77,10.43,0.24,Gurgaon,Palam Vihar,builder_floor,Tier 2,Poor,Medium,Standard,0,1,0,0,0
3,1585.0,7.368970402194793,7.0,12.0,0.5833333333333334,0,0,1,1,0,31778251.0,17.27429268294542,20049.37,3.178,1.146,17908.36074074074,17494.05,27,0.72,3.391,2.113,0.784,2.225,6.009,12.699,0,2,2,18.35,39.87,49.45,67.55,18.35,47.63,13.49,48.92,55,10810.06286830001,-35.12,52.66,90.0,31.23,56.21,4.32,Gurgaon,DLF Phase 5,villa,Tier 2,Moderate,Medium,Large,0,0,0,0,1
1,460.0,6.133398042996649,3.0,15.0,0.2,0,0,0,0,0,8633101.0,15.971114326442633,18767.61,0.863,1.073,17908.36074074074,17494.05,27,0.72,3.391,2.113,0.784,2.225,6.009,12.699,0,2,2,18.35,39.87,49.45,67.55,18.35,47.63,13.49,48.92,55,10810.06286830001,-35.12,49.61,72.79,35.36,64.6,4.55,Gurgaon,DLF Phase 5,villa,Tier 2,Moderate,Medium,Micro,0,0,0,0,1
2,1149.0,7.047517221357296,3.0,15.0,0.2,0,0,1,1,0,11314157.0,16.241565331402004,9846.96,1.131,0.892,11140.001764705883,11038.335,34,0.36,0.678,4.481,5.684,0.139,0.0,6.231,2,0,0,71.24,52.47,22.45,5.83,71.24,95.49,100.0,69.24,36,11000.572715809956,3.64,51.31,74.8,37.44,70.0,0.71,Gurgaon,Udyog Vihar,apartment,Tier 1,Good,High,Standard,1,0,0,0,0
3,1620.0,7.390798521735676,1.0,10.0,0.1,0,0,1,0,0,17683888.0,16.688164500499482,10915.98,1.768,1.098,9934.9616,9941.35,25,0.24,7.849,3.528,1.632,4.865,0.387,18.86,0,0,2,1.98,28.9,30.85,44.23,1.98,19.75,87.91,74.25,40,11155.323746176988,20.07,37.6,45.73,5.59,63.43,23.09,Gurgaon,Sohna Road,apartment,Tier 2,Moderate,Medium,Large,1,0,0,0,0
2,934.0,6.840546529288687,5.0,20.0,0.25,0,0,1,0,0,10944967.0,16.208390273859177,11718.38,1.094,1.062,11140.001764705883,11038.335,34,0.36,0.678,4.481,5.684,0.139,0.0,6.231,2,0,0,71.24,52.47,22.45,5.83,71.24,95.49,100.0,62.92,55,10810.06286830001,1.85,18.57,23.01,7.15,31.78,5.72,Gurgaon,Udyog Vihar,apartment,Tier 2,Good,Medium,Standard,1,0,0,0,0
3,1392.0,7.239214973779806,10.0,14.0,0.7142857142857143,0,0,0,1,0,11419202.0,16.25080688234254,8203.45,1.142,0.997,8250.613823529411,8231.880000000001,34,0.04,3.168,7.658,4.866,5.845,5.707,8.681,0,0,0,20.51,13.49,7.79,8.78,20.51,14.25,14.92,71.75,42,10981.949143260465,38.74,50.29,74.8,31.4,70.0,1.67,Gurgaon,Palam Vihar,builder_floor,Tier 2,Poor,High,Large,0,1,0,0,0
2,1173.0,7.068172000388042,10.0,14.0,0.7142857142857143,0,0,1,0,1,10966201.0,16.210328464159875,9348.85,1.097,1.044,8876.151428571427,8954.53,35,0.08,5.491,1.986,0.895,4.49,2.122,16.417,0,3,2,6.42,35.9,51.58,63.92,6.42,22.39,49.3,64.65,46,11646.705001117241,36.57,17.58,12.65,45.69,15.73,0.41,Gurgaon,Ardee City,apartment,Individual,Moderate,Medium,Standard,1,0,0,0,0
1,550.0,6.311734809152915,5.0,20.0,0.25,0,0,0,1,0,4987274.0,15.42240002587037,9067.77,0.499,0.912,9934.9616,9941.35,25,0.24,7.849,3.528,1.632,4.865,0.387,18.86,0,0,2,1.98,28.9,30.85,44.23,1.98,19.75,87.91,66.5,42,10981.949143260465,18.2,17.07,34.82,8.16,6.15,8.57,Gurgaon,Sohna Road,apartment,Tier 2,Moderate,Medium,Compact,1,0,0,0,0
2,1149.0,7.047517221357296,0.0,,,1,0,0,0,1,10739588.0,16.189447285042885,9346.9,1.074,0.94,9934.9616,9941.35,25,0.24,7.849,3.528,1.632,4.865,0.387,18.86,0,0,2,1.98,28.9,30.85,44.23,1.98,19.75,87.91,64.65,46,11646.705001117241,25.35,57.61,90.0,13.84,64.6,35.97,Gurgaon,Sohna Road,builder_floor,Individual,Moderate,High,Standard,0,1,0,0,0
5,2909.0,7.975908360165538,0.0,,,1,0,1,0,0,71752609.0,18.088734774312247,24665.73,7.175,1.164,21315.337419354837,21194.36,31,0.88,3.813,1.388,1.408,0.348,5.601,14.303,0,3,3,14.86,45.0,62.97,49.46,14.86,89.06,15.46,47.49,47,12174.359670335367,-32.79,5.97,5.34,13.14,5.54,0.42,Gurgaon,Golf Course Road,studio,Tier 2,Good,Low,Luxury,0,0,0,1,0
4,2143.0,7.670428522190693,5.0,20.0,0.25,0,0,1,1,0,42951870.0,17.57559074444558,20042.87,4.295,0.946,21315.337419354837,21194.36,31,0.88,3.813,1.388,1.408,0.348,5.601,14.303,0,3,3,14.86,45.0,62.97,49.46,14.86,89.06,15.46,47.49,47,12174.359670335367,-32.79,24.12,33.94,19.27,33.4,0.17,Gurgaon,Golf Course Road,apartment,Tier 2,Good,Low,XLarge,1,0,0,0,0
5,2638.0,7.878155336503324,2.0,8.0,0.25,0,0,0,1,0,28101163.0,17.151321521347874,10652.45,2.81,1.027,10604.037027027027,10376.18,37,0.32,4.226,0.736,1.015,0.627,6.105,14.375,0,2,2,12.09,48.7,78.24,60.2,12.09,81.13,13.07,68.27,47,10937.253284940389,10.68,29.88,55.77,10.59,31.2,2.2,Gurgaon,Sector 57,apartment,Tier 2,Good,Medium,Luxury,1,0,0,0,0
3,1544.0,7.3427791893318455,,,,0,1,1,0,0,20100116.0,16.816236144156928,13018.21,2.01,1.085,11870.16054054054,12002.05,37,0.4,4.292,4.231,2.015,5.745,6.58,11.712,0,0,0,11.69,20.24,24.41,36.51,11.69,14.73,11.15,69.24,36,11000.572715809956,8.15,52.98,74.8,44.95,70.0,1.57,Gurgaon,Sector 15,builder_floor,Tier 1,Poor,High,Large,0,1,0,0,0
2,995.0,6.903747257584598,3.0,15.0,0.2,0,0,0,1,1,12244868.0,16.320617468400133,12306.4,1.224,1.025,11870.16054054054,12002.05,37,0.4,4.292,4.231,2.015,5.745,6.58,11.712,0,0,0,11.69,20.24,24.41,36.51,11.69,14.73,11.15,59.4,46,11646.705001117241,14.51,60.89,85.73,22.47,64.6,51.2,Gurgaon,Sector 15,builder_floor,Individual,Poor,High,Standard,0,1,0,0,0
3,1546.0,7.344072850573066,,,,0,1,0,1,0,18566950.0,16.736893676436125,12009.67,1.857,0.871,13880.907631578948,13783.235,38,0.64,0.322,1.961,3.188,0.509,1.861,8.715,5,1,0,85.12,60.64,52.02,20.32,85.12,84.38,53.78,49.02,47,10937.253284940389,-15.89,30.1,54.04,10.58,22.77,16.91,Gurgaon,MG Road,apartment,Tier 2,Excellent,Low,Large,1,0,0,0,0
3,1698.0,7.4377951216719325,3.0,15.0,0.2,0,0,1,1,0,13664706.0,16.430326862293978,8047.53,1.366,0.895,9056.841555555555,8990.96,45,0.16,1.99,1.674,2.225,4.041,5.75,12.744,1,2,0,36.97,37.34,57.23,32.88,36.97,26.0,14.71,73.42,55,10810.06286830001,26.24,53.52,90.0,14.85,64.6,14.5,Gurgaon,South City,penthouse,Tier 2,Moderate,High,Large,0,0,1,0,0
4,2161.0,7.6787889981991535,5.0,20.0,0.25,0,0,0,0,0,20880165.0,16.85431022324634,9662.27,2.088,0.812,11889.318,11904.240000000002,30,0.44,4.863,0.098,1.334,1.098,6.317,14.811,0,1,2,8.79,48.72,96.79,51.32,8.79,69.34,12.18,54.74,37,10965.891705343245,-5.12,38.54,39.29,12.17,48.44,51.2,Gurgaon,Sector 56,villa,Tier 2,Good,Medium,XLarge,0,0,0,0,1
1,584.0,6.371611847231857,0.0,,,1,0,0,0,1,7009197.0,15.762733701807408,12002.05,0.701,1.0,11870.16054054054,12002.05,37,0.4,4.292,4.231,2.015,5.745,6.58,11.712,0,0,0,11.69,20.24,24.41,36.51,11.69,14.73,11.15,59.4,46,11646.705001117241,14.51,41.44,74.8,11.05,51.68,0.65,Gurgaon,Sector 15,apartment,Individual,Poor,Medium,Compact,1,0,0,0,0
3,1550.0,7.346655163176539,2.0,8.0,0.25,0,0,0,1,0,32851258.0,17.30750059744323,21194.36,3.285,1.0,21315.337419354837,21194.36,31,0.88,3.813,1.388,1.408,0.348,5.601,14.303,0,3,3,14.86,45.0,62.97,49.46,14.86,89.06,15.46,47.49,47,12174.359670335367,-32.79,38.04,14.13,70.0,30.76,57.0,Gurgaon,Golf Course Road,apartment,Tier 2,Good,Low,Large,1,0,0,0,0
2,1082.0,6.9874902470009905,0.0,,,1,0,1,1,0,10192353.0,16.137148291202152,9419.92,1.019,0.908,10604.037027027027,10376.18,37,0.32,4.226,0.736,1.015,0.627,6.105,14.375,0,2,2,12.09,48.7,78.24,60.2,12.09,81.13,13.07,66.5,42,10981.949143260465,11.13,9.78,14.98,6.42,12.95,0.06,Gurgaon,Sector 57,apartment,Tier 2,Good,Low,Standard,1,0,0,0,0
2,1089.0,6.993932975223189,,,,0,1,2,1,0,12202049.0,16.317114446420998,11204.82,1.22,1.099,10054.119189189189,10191.19,37,0.28,6.461,2.659,0.314,4.513,1.112,17.427,0,2,2,3.95,38.82,41.21,85.48,3.95,22.21,69.03,72.42,35,11530.874778105072,18.8,8.45,6.16,21.72,7.62,0.24,Gurgaon,Nirvana Country,villa,Tier 1,Moderate,Low,Standard,0,0,0,0,1
3,2223.0,7.706612913964197,22.0,38.0,0.579,0,0,0,1,0,54837275.0,17.819880721416503,24668.14,5.484,1.003,24296.13,24599.364999999998,6,1.0,3.495,1.458,0.489,1.257,6.618,13.486,0,2,2,17.42,47.23,61.52,78.31,17.42,65.77,11.02,77.78333101141436,6,24668.14,8.7,22.83,23.34,21.48,24.29,23.02,Gurgaon,Sector 43 (Golf Course Rd),apartment,Tier 1,Good,Low,Large,1,0,0,0,0
2,1280.0,7.154615356913663,29.0,30.0,0.967,0,0,0,1,0,32336678.0,17.291712685748628,25263.03,3.234,1.027,24296.13,24599.364999999998,6,1.0,3.495,1.458,0.489,1.257,6.618,13.486,0,2,2,17.42,47.23,61.52,78.31,17.42,65.77,11.02,78.46992603851086,6,25263.03,12.28,18.08,15.58,10.18,35.74,18.0,Gurgaon,Sector 43 (Golf Course Rd),apartment,Tier 1,Good,Low,Standard,1,0,0,0,0
2,1343.0,7.202661196523238,4.0,40.0,0.1,0,0,0,1,0,31198400.0,17.255877369413458,23230.38,3.12,0.944,24296.13,24599.364999999998,6,1.0,3.495,1.458,0.489,1.257,6.618,13.486,0,2,2,17.42,47.23,61.52,78.31,17.42,65.77,11.02,78.43017940760575,6,23230.38,9.19,29.41,38.72,11.63,48.97,26.17,Gurgaon,Sector 43 (Golf Course Rd),apartment,Tier 1,Good,Low,Standard,1,0,0,0,0
3,1754.0,7.469654172932128,8.0,45.0,0.178,0,0,0,1,0,43026655.0,17.577330365330216,24530.59,4.303,0.997,24296.13,24599.364999999998,6,1.0,3.495,1.458,0.489,1.257,6.618,13.486,0,2,2,17.42,47.23,61.52,78.31,17.42,65.77,11.02,77.98070764044508,6,24530.59,8.24,28.31,21.47,32.73,39.88,16.23,Gurgaon,Sector 43 (Golf Course Rd),penthouse,Tier 1,Good,Low,Standard,0,0,1,0,0
3,2001.0,7.601402334583733,19.0,45.0,0.422,0,0,0,1,0,46207852.0,17.64866029832092,23092.38,4.621,0.939,24296.13,24599.364999999998,6,1.0,3.495,1.458,0.489,1.257,6.618,13.486,0,2,2,17.42,47.23,61.52,78.31,17.42,65.77,11.02,77.79901653347906,6,23092.38,10.77,30.73,33.18,33.17,29.8,21.41,Gurgaon,Sector 43 (Golf Course Rd),penthouse,Tier 1,Good,Low,Large,0,0,1,0,0
3,2229.0,7.709308333385869,19.0,38.0,0.5,0,0,0,1,0,55707748.0,17.835629797557612,24992.26,5.571,1.016,24296.13,24599.364999999998,6,1.0,3.495,1.458,0.489,1.257,6.618,13.486,0,2,2,17.42,47.23,61.52,78.31,17.42,65.77,11.02,79.31495003660771,6,24992.26,10.5,23.28,28.57,17.02,24.23,26.04,Gurgaon,Sector 43 (Golf Course Rd),apartment,Tier 1,Good,Low,Large,1,0,0,0,0
2,1347.0,7.205635176410364,9.0,35.0,0.257,0,0,0,1,0,29906619.0,17.213590385099376,22202.39,2.991,0.998,21872.296666666665,22248.67,6,0.92,6.843,1.9,2.277,3.531,2.739,17.834,0,1,0,3.27,29.29,53.07,32.03,3.27,30.82,40.13,76.05631929086034,6,22202.39,9.39,32.06,34.75,27.78,38.18,28.53,Gurgaon,Sector 49 (Golf Course Ext),villa,Tier 1,Moderate,Low,Standard,0,0,0,0,1
4,3340.0,8.113726085970747,34.0,35.0,0.971,0,0,0,1,0,74826354.0,18.13068070709561,22403.1,7.483,1.007,21872.296666666665,22248.67,6,0.92,6.843,1.9,2.277,3.531,2.739,17.834,0,1,0,3.27,29.29,53.07,32.03,3.27,30.82,40.13,77.48327300879306,6,22403.1,12.68,27.09,29.78,26.65,28.24,21.22,Gurgaon,Sector 49 (Golf Course Ext),villa,Tier 1,Moderate,Low,XLarge,0,0,0,0,1
3,2234.0,7.711548979629146,27.0,38.0,0.711,0,0,0,1,0,50042047.0,17.728374150000484,22400.2,5.004,1.007,21872.296666666665,22248.67,6,0.92,6.843,1.9,2.277,3.531,2.739,17.834,0,1,0,3.27,29.29,53.07,32.03,3.27,30.82,40.13,79.08386871981824,6,22400.2,11.46,21.76,25.69,23.07,20.76,12.16,Gurgaon,Sector 49 (Golf Course Ext),apartment,Tier 1,Moderate,Low,Large,1,0,0,0,0
2,1259.0,7.138073034044347,31.0,35.0,0.886,0,0,0,1,0,26465489.0,17.091352140337605,21021.04,2.647,0.945,21872.296666666665,22248.67,6,0.92,6.843,1.9,2.277,3.531,2.739,17.834,0,1,0,3.27,29.29,53.07,32.03,3.27,30.82,40.13,76.9971689165955,6,21021.04,10.87,23.16,20.72,28.89,22.31,15.8,Gurgaon,Sector 49 (Golf Course Ext),apartment,Tier 1,Moderate,Low,Standard,1,0,0,0,0
2,1332.0,7.194436851100335,22.0,28.0,0.786,0,0,0,1,0,29696873.0,17.20655231203466,22294.95,2.97,1.002,21872.296666666665,22248.67,6,0.92,6.843,1.9,2.277,3.531,2.739,17.834,0,1,0,3.27,29.29,53.07,32.03,3.27,30.82,40.13,77.82613828193163,6,22294.95,9.53,26.08,37.08,20.41,29.73,12.44,Gurgaon,Sector 49 (Golf Course Ext),villa,Tier 1,Moderate,Low,Standard,0,0,0,0,1
3,2199.0,7.695757990554761,31.0,32.0,0.969,0,0,0,1,0,45985708.0,17.643841210525302,20912.1,4.599,0.94,21872.296666666665,22248.67,6,0.92,6.843,1.9,2.277,3.531,2.739,17.834,0,1,0,3.27,29.29,53.07,32.03,3.27,30.82,40.13,79.27205906368997,6,20912.1,14.03,20.56,27.77,10.17,32.52,14.44,Gurgaon,Sector 49 (Golf Course Ext),apartment,Tier 1,Moderate,Low,Large,1,0,0,0,0
2,1184.0,7.076653815443951,33.0,40.0,0.825,0,0,0,1,0,25562039.0,17.056618957374848,21589.56,2.556,1.008,21115.69,21408.809999999998,6,0.84,7.496,9.11,7.764,8.324,11.656,14.793,0,0,0,2.36,3.46,4.8,2.06,2.36,6.24,2.05,78.07516248697347,6,21589.56,12.92,62.97,74.01,70.91,44.06,47.55,Gurgaon,Sector 103 (Dwarka Expy),apartment,Tier 1,Poor,Medium,Standard,1,0,0,0,0
3,1865.0,7.5310163320779155,18.0,28.0,0.643,0,0,0,1,0,37245374.0,17.433038307158423,19970.71,3.725,0.933,21115.69,21408.809999999998,6,0.84,7.496,9.11,7.764,8.324,11.656,14.793,0,0,0,2.36,3.46,4.8,2.06,2.36,6.24,2.05,79.90645982333061,6,19970.71,10.88,53.21,52.08,60.99,35.86,60.42,Gurgaon,Sector 103 (Dwarka Expy),apartment,Tier 1,Poor,Medium,Large,1,0,0,0,0
3,1946.0,7.57353126274595,5.0,45.0,0.111,0,0,0,1,0,40146214.0,17.508038697522316,20630.12,4.015,0.964,21115.69,21408.809999999998,6,0.84,7.496,9.11,7.764,8.324,11.656,14.793,0,0,0,2.36,3.46,4.8,2.06,2.36,6.24,2.05,76.32341330533086,6,20630.12,10.59,60.75,68.11,67.26,31.76,69.5,Gurgaon,Sector 103 (Dwarka Expy),apartment,Tier 1,Poor,Medium,Large,1,0,0,0,0
3,2149.0,7.67275789664251,7.0,28.0,0.25,0,0,0,1,0,45631716.0,17.636113559034072,21233.93,4.563,0.992,21115.69,21408.809999999998,6,0.84,7.496,9.11,7.764,8.324,11.656,14.793,0,0,0,2.36,3.46,4.8,2.06,2.36,6.24,2.05,78.78325122716353,6,21233.93,14.01,55.94,47.71,69.78,37.78,64.29,Gurgaon,Sector 103 (Dwarka Expy),apartment,Tier 1,Poor,Medium,Large,1,0,0,0,0
3,1753.0,7.469083884921234,19.0,45.0,0.422,0,0,0,1,0,37836209.0,17.44877711213967,21583.69,3.784,1.008,21115.69,21408.809999999998,6,0.84,7.496,9.11,7.764,8.324,11.656,14.793,0,0,0,2.36,3.46,4.8,2.06,2.36,6.24,2.05,79.35084042362931,6,21583.69,12.73,58.76,47.32,82.06,33.54,60.87,Gurgaon,Sector 103 (Dwarka Expy),apartment,Tier 1,Poor,Medium,Standard,1,0,0,0,0
2,1144.0,7.042286171939743,3.0,35.0,0.086,0,0,0,1,0,24808933.0,17.026714347891087,21686.13,2.481,1.013,21115.69,21408.809999999998,6,0.84,7.496,9.11,7.764,8.324,11.656,14.793,0,0,0,2.36,3.46,4.8,2.06,2.36,6.24,2.05,79.9850147990317,6,21686.13,14.76,60.33,70.89,76.75,24.72,48.37,Gurgaon,Sector 103 (Dwarka Expy),apartment,Tier 1,Poor,Medium,Standard,1,0,0,0,0
4,3293.0,8.099554282376364,34.0,40.0,0.85,0,0,0,1,0,65242299.0,17.99361857421331,19812.42,6.524,1.026,19169.15166666667,19301.82,6,0.76,7.173,11.072,9.423,10.432,12.613,14.814,0,0,0,2.77,2.25,2.5,0.9,2.77,3.09,1.49,73.40371379507005,6,19812.42,14.55,62.85,63.41,83.56,34.52,51.17,Gurgaon,Sector 113 (Dwarka Expy),penthouse,Tier 1,Poor,Medium,XLarge,0,0,1,0,0
4,3382.0,8.126222529458525,19.0,40.0,0.475,0,0,0,1,0,62591824.0,17.95214522051173,18507.34,6.259,0.959,19169.15166666667,19301.82,6,0.76,7.173,11.072,9.423,10.432,12.613,14.814,0,0,0,2.77,2.25,2.5,0.9,2.77,3.09,1.49,72.76758079077078,6,18507.34,12.56,55.48,64.93,66.73,25.93,49.76,Gurgaon,Sector 113 (Dwarka Expy),penthouse,Tier 1,Poor,Medium,XLarge,0,0,1,0,0
4,3155.0,8.056743774975313,2.0,28.0,0.071,0,0,0,1,0,62457106.0,17.949990575092233,19796.23,6.246,1.026,19169.15166666667,19301.82,6,0.76,7.173,11.072,9.423,10.432,12.613,14.814,0,0,0,2.77,2.25,2.5,0.9,2.77,3.09,1.49,70.37469907131236,6,19796.23,10.57,54.98,48.54,67.96,44.33,51.79,Gurgaon,Sector 113 (Dwarka Expy),penthouse,Tier 1,Poor,Medium,XLarge,0,0,1,0,0
4,3142.0,8.052614818815567,34.0,40.0,0.85,0,0,0,1,0,61809958.0,17.939575042133526,19672.17,6.181,1.019,19169.15166666667,19301.82,6,0.76,7.173,11.072,9.423,10.432,12.613,14.814,0,0,0,2.77,2.25,2.5,0.9,2.77,3.09,1.49,72.67569623865239,6,19672.17,14.05,56.98,57.47,66.91,34.3,63.06,Gurgaon,Sector 113 (Dwarka Expy),penthouse,Tier 1,Poor,Medium,XLarge,0,0,1,0,0
2,1349.0,7.207118856207756,7.0,40.0,0.175,0,0,0,1,0,25538553.0,17.055699750738114,18931.47,2.554,0.981,19169.15166666667,19301.82,6,0.76,7.173,11.072,9.423,10.432,12.613,14.814,0,0,0,2.77,2.25,2.5,0.9,2.77,3.09,1.49,72.99087509558966,6,18931.47,14.67,59.55,59.35,69.92,34.31,69.41,Gurgaon,Sector 113 (Dwarka Expy),apartment,Tier 1,Poor,Medium,Standard,1,0,0,0,0
2,1176.0,7.069874128458572,4.0,28.0,0.143,0,0,0,1,0,21515249.0,16.884272497508807,18295.28,2.152,0.948,19169.15166666667,19301.82,6,0.76,7.173,11.072,9.423,10.432,12.613,14.814,0,0,0,2.77,2.25,2.5,0.9,2.77,3.09,1.49,71.4907474683762,6,18295.28,10.76,62.92,72.55,85.33,21.76,46.27,Gurgaon,Sector 113 (Dwarka Expy),penthouse,Tier 1,Poor,Medium,Standard,0,0,1,0,0
4,2951.0,7.989899374942939,3.0,30.0,0.1,0,0,0,1,0,40095207.0,17.506767358948434,13586.99,4.01,0.983,13810.605000000001,13824.645,6,0.6,11.234,7.613,5.571,3.564,4.819,21.627,0,0,0,0.36,9.9,7.9,6.17,0.36,30.49,20.06,71.2902030569544,6,13586.99,13.94,55.98,64.81,64.1,33.82,48.9,Gurgaon,Sector 79 (New Gurgaon),apartment,Tier 1,Poor,Medium,XLarge,1,0,0,0,0
3,1841.0,7.518064181233078,8.0,35.0,0.229,0,0,0,1,0,26118893.0,17.078169480157392,14187.34,2.612,1.026,13810.605000000001,13824.645,6,0.6,11.234,7.613,5.571,3.564,4.819,21.627,0,0,0,0.36,9.9,7.9,6.17,0.36,30.49,20.06,72.0060651787488,6,14187.34,13.59,65.18,64.57,79.5,39.89,66.7,Gurgaon,Sector 79 (New Gurgaon),apartment,Tier 1,Poor,High,Large,1,0,0,0,0
3,1907.0,7.553286605600419,23.0,45.0,0.511,0,0,0,1,0,25397216.0,17.050150119682343,13317.89,2.54,0.963,13810.605000000001,13824.645,6,0.6,11.234,7.613,5.571,3.564,4.819,21.627,0,0,0,0.36,9.9,7.9,6.17,0.36,30.49,20.06,71.31261066989893,6,13317.89,9.09,67.55,69.36,89.46,41.51,47.51,Gurgaon,Sector 79 (New Gurgaon),apartment,Tier 1,Poor,High,Large,1,0,0,0,0
2,1176.0,7.069874128458572,34.0,38.0,0.895,0,0,0,1,0,16537265.0,16.621126877175886,14062.3,1.654,1.017,13810.605000000001,13824.645,6,0.6,11.234,7.613,5.571,3.564,4.819,21.627,0,0,0,0.36,9.9,7.9,6.17,0.36,30.49,20.06,73.31147601515036,6,14062.3,9.9,63.02,56.0,88.96,41.05,45.83,Gurgaon,Sector 79 (New Gurgaon),apartment,Tier 1,Poor,Medium,Standard,1,0,0,0,0
3,2085.0,7.642524134232902,31.0,38.0,0.816,0,0,0,1,0,27923217.0,17.14496905128393,13392.43,2.792,0.969,13810.605000000001,13824.645,6,0.6,11.234,7.613,5.571,3.564,4.819,21.627,0,0,0,0.36,9.9,7.9,6.17,0.36,30.49,20.06,70.1642700670715,6,13392.43,10.79,57.45,66.04,73.01,26.27,45.53,Gurgaon,Sector 79 (New Gurgaon),apartment,Tier 1,Poor,Medium,Large,1,0,0,0,0
2,1207.0,7.095893221097532,27.0,28.0,0.964,0,0,0,1,0,17280233.0,16.665073805045573,14316.68,1.728,1.036,13810.605000000001,13824.645,6,0.6,11.234,7.613,5.571,3.564,4.819,21.627,0,0,0,0.36,9.9,7.9,6.17,0.36,30.49,20.06,73.66085491050592,6,14316.68,11.1,51.62,43.29,67.19,24.57,68.04,Gurgaon,Sector 79 (New Gurgaon),apartment,Tier 1,Poor,Medium,Standard,1,0,0,0,0
3,1984.0,7.592870287844818,23.0,38.0,0.605,0,0,0,1,0,18192645.0,16.716527949489056,9169.68,1.819,1.022,8920.574999999999,8971.115,6,0.12,13.79,10.152,8.105,5.652,7.256,24.041,0,0,0,0.1,4.4,3.39,1.74,0.1,15.2,8.9,60.92015726624727,6,9169.68,8.33,52.75,45.55,76.98,23.0,50.26,Gurgaon,Sector 92 (Dwarka Expy),apartment,Tier 2,Poor,High,Large,1,0,0,0,0
2,1124.0,7.024649030453636,6.0,40.0,0.15,0,0,0,1,0,9887075.0,16.10673890656912,8796.33,0.989,0.981,8920.574999999999,8971.115,6,0.12,13.79,10.152,8.105,5.652,7.256,24.041,0,0,0,0.1,4.4,3.39,1.74,0.1,15.2,8.9,59.8966953163493,6,8796.33,8.68,55.95,56.57,74.75,24.33,53.02,Gurgaon,Sector 92 (Dwarka Expy),apartment,Tier 2,Poor,High,Standard,1,0,0,0,0
3,2039.0,7.620214770574455,21.0,30.0,0.7,0,0,0,1,0,18648490.0,16.74127573562879,9145.9,1.865,1.019,8920.574999999999,8971.115,6,0.12,13.79,10.152,8.105,5.652,7.256,24.041,0,0,0,0.1,4.4,3.39,1.74,0.1,15.2,8.9,59.498450458505886,6,9145.9,12.38,61.3,69.98,75.09,36.47,44.89,Gurgaon,Sector 92 (Dwarka Expy),apartment,Tier 2,Poor,High,Large,1,0,0,0,0
2,1261.0,7.13966033596492,21.0,32.0,0.656,0,0,0,1,0,10704162.0,16.186143195764767,8488.63,1.07,0.946,8920.574999999999,8971.115,6,0.12,13.79,10.152,8.105,5.652,7.256,24.041,0,0,0,0.1,4.4,3.39,1.74,0.1,15.2,8.9,60.30189671150352,6,8488.63,10.72,61.53,56.04,79.3,33.64,68.24,Gurgaon,Sector 92 (Dwarka Expy),apartment,Tier 2,Poor,High,Standard,1,0,0,0,0
3,2229.0,7.709308333385869,30.0,35.0,0.857,0,0,0,1,0,21036812.0,16.861784413440784,9437.78,2.104,1.052,8920.574999999999,8971.115,6,0.12,13.79,10.152,8.105,5.652,7.256,24.041,0,0,0,0.1,4.4,3.39,1.74,0.1,15.2,8.9,58.27744520350066,6,9437.78,8.71,47.92,43.31,60.55,37.08,42.14,Gurgaon,Sector 92 (Dwarka Expy),apartment,Tier 2,Poor,High,Large,1,0,0,0,0
3,2165.0,7.68017564043659,20.0,30.0,0.667,0,0,0,1,0,18370306.0,16.726246114646475,8485.13,1.837,0.946,8920.574999999999,8971.115,6,0.12,13.79,10.152,8.105,5.652,7.256,24.041,0,0,0,0.1,4.4,3.39,1.74,0.1,15.2,8.9,59.1274190990936,6,8485.13,8.83,64.61,62.01,80.9,41.94,62.05,Gurgaon,Sector 92 (Dwarka Expy),apartment,Tier 2,Poor,High,Large,1,0,0,0,0
4,2897.0,7.9714309977693505,25.0,28.0,0.893,0,0,0,1,0,65444331.0,17.99671043083162,22590.38,6.544,0.928,24156.26833333333,24343.199999999997,6,0.96,8.578,6.063,5.97,4.385,8.44,15.903,0,0,0,1.37,8.81,13.25,5.05,1.37,23.18,6.0,82.9620205680027,6,22590.38,10.89,60.95,67.17,71.16,28.52,67.92,Gurgaon,Sector 77 (Dwarka Expy),villa,Tier 1,Poor,Medium,XLarge,0,0,0,0,1
4,3000.0,8.006367567650246,4.0,28.0,0.143,0,0,0,1,0,72622380.0,18.100783696754107,24207.46,7.262,0.994,24156.26833333333,24343.199999999997,6,0.96,8.578,6.063,5.97,4.385,8.44,15.903,0,0,0,1.37,8.81,13.25,5.05,1.37,23.18,6.0,80.51091554470518,6,24207.46,11.74,54.25,53.64,74.9,27.44,43.0,Gurgaon,Sector 77 (Dwarka Expy),apartment,Tier 1,Poor,Low,XLarge,1,0,0,0,0
2,1340.0,7.200424892944957,8.0,28.0,0.286,0,0,0,1,0,32801780.0,17.305993340174584,24478.94,3.28,1.006,24156.26833333333,24343.199999999997,6,0.96,8.578,6.063,5.97,4.385,8.44,15.903,0,0,0,1.37,8.81,13.25,5.05,1.37,23.18,6.0,81.70707961769722,6,24478.94,11.38,52.22,42.91,74.79,22.29,58.07,Gurgaon,Sector 77 (Dwarka Expy),penthouse,Tier 1,Poor,Low,Standard,0,0,1,0,0
3,1817.0,7.504942068396171,8.0,28.0,0.286,0,0,0,1,0,44985777.0,17.62185693110833,24758.27,4.499,1.017,24156.26833333333,24343.199999999997,6,0.96,8.578,6.063,5.97,4.385,8.44,15.903,0,0,0,1.37,8.81,13.25,5.05,1.37,23.18,6.0,82.72371642274916,6,24758.27,14.82,60.19,41.96,89.88,38.43,56.38,Gurgaon,Sector 77 (Dwarka Expy),apartment,Tier 1,Poor,Medium,Large,1,0,0,0,0
4,3378.0,8.125039097367745,13.0,30.0,0.433,0,0,0,1,0,81174151.0,18.212107417013364,24030.24,8.117,0.987,24156.26833333333,24343.199999999997,6,0.96,8.578,6.063,5.97,4.385,8.44,15.903,0,0,0,1.37,8.81,13.25,5.05,1.37,23.18,6.0,79.40449070449117,6,24030.24,8.59,58.41,42.55,81.03,40.55,61.19,Gurgaon,Sector 77 (Dwarka Expy),apartment,Tier 1,Poor,Medium,XLarge,1,0,0,0,0
2,1121.0,7.02197642307216,2.0,38.0,0.053,0,0,0,1,0,27881871.0,17.143487250643624,24872.32,2.788,1.022,24156.26833333333,24343.199999999997,6,0.96,8.578,6.063,5.97,4.385,8.44,15.903,0,0,0,1.37,8.81,13.25,5.05,1.37,23.18,6.0,82.25119826903001,6,24872.32,14.63,63.52,66.37,89.58,29.41,42.51,Gurgaon,Sector 77 (Dwarka Expy),penthouse,Tier 1,Poor,Medium,Standard,0,0,1,0,0
4,3091.0,8.036249942132116,20.0,30.0,0.667,0,0,0,1,0,62789307.0,17.95529534624009,20313.59,6.279,0.998,20364.653333333332,20350.879999999997,6,0.8,5.731,1.037,1.112,2.334,3.414,16.659,0,2,2,5.69,40.97,70.78,57.35,5.69,45.93,32.05,70.44478992922461,6,20313.59,11.45,17.81,26.72,10.28,21.69,12.38,Gurgaon,Sector 65 (Golf Course Ext),apartment,Tier 1,Moderate,Low,XLarge,1,0,0,0,0
2,1262.0,7.140453043101158,29.0,38.0,0.763,0,0,0,1,0,26634851.0,17.097731104174546,21105.27,2.663,1.037,20364.653333333332,20350.879999999997,6,0.8,5.731,1.037,1.112,2.334,3.414,16.659,0,2,2,5.69,40.97,70.78,57.35,5.69,45.93,32.05,73.84869019389816,6,21105.27,10.62,26.74,36.71,17.14,26.71,29.26,Gurgaon,Sector 65 (Golf Course Ext),apartment,Tier 1,Moderate,Low,Standard,1,0,0,0,0
2,1342.0,7.201916317531627,17.0,38.0,0.447,0,0,0,1,0,26002820.0,17.07371555164269,19376.17,2.6,0.952,20364.653333333332,20350.879999999997,6,0.8,5.731,1.037,1.112,2.334,3.414,16.659,0,2,2,5.69,40.97,70.78,57.35,5.69,45.93,32.05,72.1108044363452,6,19376.17,14.95,25.68,28.85,11.84,49.08,20.46,Gurgaon,Sector 65 (Golf Course Ext),apartment,Tier 1,Moderate,Low,Standard,1,0,0,0,0
3,2083.0,7.641564441260972,4.0,38.0,0.105,0,0,0,1,0,42468558.0,17.56427454833417,20388.17,4.247,1.002,20364.653333333332,20350.879999999997,6,0.8,5.731,1.037,1.112,2.334,3.414,16.659,0,2,2,5.69,40.97,70.78,57.35,5.69,45.93,32.05,73.60463204196395,6,20388.17,8.32,29.79,38.76,17.02,46.71,19.11,Gurgaon,Sector 65 (Golf Course Ext),apartment,Tier 1,Moderate,Low,Large,1,0,0,0,0
3,1853.0,7.52456122628536,9.0,30.0,0.3,0,0,0,1,0,36564841.0,17.414597708257112,19732.78,3.656,0.97,20364.653333333332,20350.879999999997,6,0.8,5.731,1.037,1.112,2.334,3.414,16.659,0,2,2,5.69,40.97,70.78,57.35,5.69,45.93,32.05,71.41340891210422,6,19732.78,12.09,29.5,39.36,11.94,49.59,23.96,Gurgaon,Sector 65 (Golf Course Ext),apartment,Tier 1,Moderate,Low,Large,1,0,0,0,0
3,1870.0,7.533693709848633,30.0,35.0,0.857,0,0,0,1,0,39778528.0,17.498837827186097,21271.94,3.978,1.045,20364.653333333332,20350.879999999997,6,0.8,5.731,1.037,1.112,2.334,3.414,16.659,0,2,2,5.69,40.97,70.78,57.35,5.69,45.93,32.05,70.532740500895,6,21271.94,8.53,31.1,25.42,33.51,37.43,28.38,Gurgaon,Sector 65 (Golf Course Ext),apartment,Tier 1,Moderate,Low,Large,1,0,0,0,0
2,1319.0,7.1846291527173145,34.0,38.0,0.895,0,0,0,1,0,17916729.0,16.70124541536765,13583.57,1.792,0.997,13442.765,13629.335,6,0.56,8.724,7.616,6.865,6.274,10.345,15.526,0,0,0,1.28,5.17,7.9,3.23,1.28,12.35,3.18,79.11040913494091,6,13583.57,11.36,62.82,53.19,89.56,38.74,51.79,Gurgaon,Sector 89 (Dwarka Expy),apartment,Tier 1,Poor,High,Standard,1,0,0,0,0
4,3098.0,8.038512020976814,4.0,28.0,0.143,0,0,0,1,0,39632373.0,17.495156842253586,12792.89,3.963,0.939,13442.765,13629.335,6,0.56,8.724,7.616,6.865,6.274,10.345,15.526,0,0,0,1.28,5.17,7.9,3.23,1.28,12.35,3.18,76.53540847520253,6,12792.89,8.1,57.1,64.21,62.26,33.36,62.5,Gurgaon,Sector 89 (Dwarka Expy),apartment,Tier 1,Poor,Medium,XLarge,1,0,0,0,0
4,3110.0,8.04237800517328,11.0,30.0,0.367,0,0,0,1,0,43124255.0,17.579596157804257,13866.32,4.312,1.017,13442.765,13629.335,6,0.56,8.724,7.616,6.865,6.274,10.345,15.526,0,0,0,1.28,5.17,7.9,3.23,1.28,12.35,3.18,77.51140219710315,6,13866.32,9.69,50.1,48.8,66.15,26.87,46.22,Gurgaon,Sector 89 (Dwarka Expy),apartment,Tier 1,Poor,Medium,XLarge,1,0,0,0,0
4,3230.0,8.080237416216702,9.0,45.0,0.2,0,0,0,1,0,41234083.0,17.534775729612598,12765.97,4.123,0.937,13442.765,13629.335,6,0.56,8.724,7.616,6.865,6.274,10.345,15.526,0,0,0,1.28,5.17,7.9,3.23,1.28,12.35,3.18,76.0887389681212,6,12765.97,11.49,61.94,69.1,74.29,27.69,64.49,Gurgaon,Sector 89 (Dwarka Expy),apartment,Tier 1,Poor,Medium,XLarge,1,0,0,0,0
4,2762.0,7.923710333969238,17.0,28.0,0.607,0,0,0,1,0,38592708.0,17.468573904671857,13972.74,3.859,1.025,13442.765,13629.335,6,0.56,8.724,7.616,6.865,6.274,10.345,15.526,0,0,0,1.28,5.17,7.9,3.23,1.28,12.35,3.18,77.9201838680739,6,13972.74,10.94,66.04,62.38,83.54,40.13,67.09,Gurgaon,Sector 89 (Dwarka Expy),apartment,Tier 1,Poor,High,Large,1,0,0,0,0
3,2239.0,7.713784616598755,16.0,30.0,0.533,0,0,0,1,0,30618549.0,17.237116559742454,13675.1,3.062,1.003,13442.765,13629.335,6,0.56,8.724,7.616,6.865,6.274,10.345,15.526,0,0,0,1.28,5.17,7.9,3.23,1.28,12.35,3.18,77.74989968809491,6,13675.1,14.33,57.76,57.99,70.45,39.59,51.9,Gurgaon,Sector 89 (Dwarka Expy),apartment,Tier 1,Poor,Medium,Large,1,0,0,0,0
3,2174.0,7.684324067681155,11.0,35.0,0.314,0,0,0,1,0,28640885.0,17.170345800417287,13174.28,2.864,1.064,12526.143333333333,12383.735,6,0.52,8.475,10.434,9.225,9.097,13.107,15.965,0,0,0,1.44,2.25,3.09,0.99,1.44,4.82,1.27,76.36836566007484,6,13174.28,13.38,48.85,41.61,61.99,35.52,50.42,Gurgaon,Sector 108 (Dwarka Expy),villa,Tier 1,Poor,Medium,Large,0,0,0,0,1
2,1245.0,7.126890808898808,24.0,45.0,0.533,0,0,0,1,0,15266613.0,16.541178845126282,12262.34,1.527,0.99,12526.143333333333,12383.735,6,0.52,8.475,10.434,9.225,9.097,13.107,15.965,0,0,0,1.44,2.25,3.09,0.99,1.44,4.82,1.27,75.33906442379661,6,12262.34,10.8,57.55,46.3,80.93,37.41,52.35,Gurgaon,Sector 108 (Dwarka Expy),apartment,Tier 1,Poor,Medium,Standard,1,0,0,0,0
4,3061.0,8.026496938945412,20.0,38.0,0.526,0,0,0,1,0,40434800.0,17.51520135828986,13209.67,4.043,1.067,12526.143333333333,12383.735,6,0.52,8.475,10.434,9.225,9.097,13.107,15.965,0,0,0,1.44,2.25,3.09,0.99,1.44,4.82,1.27,73.67574025228866,6,13209.67,9.95,48.47,43.1,65.31,23.02,53.82,Gurgaon,Sector 108 (Dwarka Expy),apartment,Tier 1,Poor,Medium,XLarge,1,0,0,0,0
2,1191.0,7.0825485693553,28.0,38.0,0.737,0,0,0,1,0,14893610.0,16.51644281986894,12505.13,1.489,1.01,12526.143333333333,12383.735,6,0.52,8.475,10.434,9.225,9.097,13.107,15.965,0,0,0,1.44,2.25,3.09,0.99,1.44,4.82,1.27,73.36916234491498,6,12505.13,11.37,58.08,57.91,80.63,23.92,51.32,Gurgaon,Sector 108 (Dwarka Expy),apartment,Tier 1,Poor,Medium,Standard,1,0,0,0,0
2,1317.0,7.183111701743281,30.0,32.0,0.938,0,0,0,1,0,15641719.0,16.56545219752766,11876.78,1.564,0.959,12526.143333333333,12383.735,6,0.52,8.475,10.434,9.225,9.097,13.107,15.965,0,0,0,1.44,2.25,3.09,0.99,1.44,4.82,1.27,73.83739729334684,6,11876.78,10.59,58.51,61.64,74.54,29.22,53.88,Gurgaon,Sector 108 (Dwarka Expy),villa,Tier 1,Poor,Medium,Standard,0,0,0,0,1
4,2726.0,7.9105906122564775,4.0,45.0,0.089,0,0,0,1,0,33062727.0,17.313917133343722,12128.66,3.306,0.979,12526.143333333333,12383.735,6,0.52,8.475,10.434,9.225,9.097,13.107,15.965,0,0,0,1.44,2.25,3.09,0.99,1.44,4.82,1.27,76.37776269053451,6,12128.66,13.25,55.98,70.35,60.91,28.85,51.91,Gurgaon,Sector 108 (Dwarka Expy),apartment,Tier 1,Poor,Medium,Large,1,0,0,0,0
